-- Adminer 4.8.1 MySQL 8.0.35-0ubuntu0.23.10.1 dump

SET NAMES utf8;
SET time_zone = '+00:00';
SET foreign_key_checks = 0;
SET sql_mode = 'NO_AUTO_VALUE_ON_ZERO';

SET NAMES utf8mb4;

INSERT INTO `acoplado` (`id`, `creada`, `creador_id`, `eliminada`, `eliminador_id`, `modificada`, `modificador_id`, `anio`, `cantidad_neumaticos`, `marca_modelo`, `notas`, `patente`, `peso`) VALUES
(1,	'2023-11-14 21:34:21.684209',	3,	NULL,	NULL,	NULL,	NULL,	2009,	8,	'Sola y Brusa 2 ejes',	'Acoplado Jaula Hacienda\nMarca Sola Y Brusa\nAño 2009\n2 Ejes\n10.50mts. De Largo\nCarrozado De Fibra',	'1225445',	'10.5'),
(2,	'2023-11-14 21:35:20.941201',	3,	NULL,	NULL,	NULL,	NULL,	2004,	16,	'Herman Artillero',	'Acoplado Mixto\nAño 2004\nMarca Hermann\nEje Artillero\nLlanta Sin Cámara\nPiso Liso Con Boquillas Y Rejillas Para Hacienda\nLanza Telescópica',	'556565',	'9.3'),
(3,	'2023-11-14 21:37:05.755389',	3,	NULL,	NULL,	NULL,	NULL,	2023,	16,	'Gross Jaula',	'Longitud 10,50 mt. x 2,60 mt. de ancho.\n-Con sistema de frenos ABS\n-Rodado Disco S/C.\n-Puerta trasera guillotina (apertura lat.).\n-Piso 4,00 mm dec. con rejilla.\n-Separador Tranquera.\n-Caminante superior.\n-Descarga tras. con tubos.\n-Escalera del. y tras.\n-Revestimiento de Fibra de vidrio.\n-Incluye Guarda Ciclistas',	'sdas',	'10.5'),
(4,	'2023-11-14 23:16:53.045390',	2,	NULL,	NULL,	'2023-11-14 21:42:28.997198',	3,	2023,	16,	'Gross semi jaula',	'SEMIRREMOLQUE JAULA HACIENDA 2 EJES EN TANDEM 0KM ENTREGA INMEDIATA.\r\nMARCA MONTENEGRO.\r\n1 AÑO DE GARANTIA DE FABRICA.\r\nLONGITUD: 16.20MTS',	'15451',	'16.2')
ON DUPLICATE KEY UPDATE `id` = VALUES(`id`), `creada` = VALUES(`creada`), `creador_id` = VALUES(`creador_id`), `eliminada` = VALUES(`eliminada`), `eliminador_id` = VALUES(`eliminador_id`), `modificada` = VALUES(`modificada`), `modificador_id` = VALUES(`modificador_id`), `anio` = VALUES(`anio`), `cantidad_neumaticos` = VALUES(`cantidad_neumaticos`), `marca_modelo` = VALUES(`marca_modelo`), `notas` = VALUES(`notas`), `patente` = VALUES(`patente`), `peso` = VALUES(`peso`);





INSERT INTO `camion` (`id`, `creada`, `creador_id`, `eliminada`, `eliminador_id`, `modificada`, `modificador_id`, `anio`, `cantidad_neumaticos`, `marca_modelo`, `notas`, `patente`, `peso`, `numero_chasis`, `numero_motor`) VALUES
(1,	'2023-11-14 23:16:53.000000',	3,	NULL,	NULL,	'2023-11-14 23:49:02.962803',	3,	2011,	6,	'MERCEDES BENZ AXOR 1933',	'Marca	\nMERCEDES BENZ AXOR 1933\nModelo	\nS TRACTOR\nAño	\n201',	'Dsd64611',	'51552',	'dfasf43qtg',	'tewrgweg3y134'),
(2,	'2023-11-14 23:16:53.045390',	3,	NULL,	NULL,	'2023-11-14 23:20:22.669172',	3,	2018,	8,	'Mercedes-Benz ACTROS 2636',	'Marca	\r\nMercedes-Benz\r\nModelo	\r\nACTROS 2636\r\nAño	\r\n201',	'ddd222',	'1022',	'dfasf43qtge34',	'tewrgweg1232'),
(3,	'2023-11-14 23:16:53.045390',	3,	NULL,	NULL,	'2023-11-14 23:23:14.576729',	3,	2023,	6,	'Mercedes-Benz Atego 1729 36/s',	'Marca	\r\nMercedes-Benz\r\nModelo	\r\nAtego 1729 36/s\r\nAño	\r\n2023',	'dsds23',	'3123',	'dfasf43qtge34',	'tewrgweg1232'),
(4,	'2023-11-14 23:16:53.045390',	3,	NULL,	NULL,	'2023-11-14 23:21:29.346659',	3,	1978,	6,	'Mercedes-Benz 1518 TURBO 180hp.',	'Marca	\r\nMercedes-Benz\r\nModelo	\r\n1518 TURBO 180hp.\r\nAño	\r\n1978\r\nColor	\r\nRojo',	'ff2133',	'1123123',	'fd334',	'dfff3324'),
(5,	'2023-11-14 21:53:04.184861',	3,	NULL,	NULL,	'2023-11-14 21:55:21.689196',	3,	2015,	6,	'Iveco Tector Attack',	'Marca	\r\nIveco\r\nModelo	\r\nTector Attack\r\nAño	\r\n2015\r\nColor	\r\nBlanco\r\nKilómetros	\r\n79000 km\r\nTransmisión	\r\n',	'sdasd1515',	'13123',	'aaa1',	'dfff3324')
ON DUPLICATE KEY UPDATE `id` = VALUES(`id`), `creada` = VALUES(`creada`), `creador_id` = VALUES(`creador_id`), `eliminada` = VALUES(`eliminada`), `eliminador_id` = VALUES(`eliminador_id`), `modificada` = VALUES(`modificada`), `modificador_id` = VALUES(`modificador_id`), `anio` = VALUES(`anio`), `cantidad_neumaticos` = VALUES(`cantidad_neumaticos`), `marca_modelo` = VALUES(`marca_modelo`), `notas` = VALUES(`notas`), `patente` = VALUES(`patente`), `peso` = VALUES(`peso`), `numero_chasis` = VALUES(`numero_chasis`), `numero_motor` = VALUES(`numero_motor`);


INSERT INTO `categoria_viaje` (`id`, `creada`, `creador_id`, `eliminada`, `eliminador_id`, `modificada`, `modificador_id`, `categoria`, `notas`) VALUES
(1,	'2023-11-14 08:40:58.479987',	3,	NULL,	NULL,	NULL,	NULL,	'Carnero',	'Ovino macho'),
(2,	'2023-11-14 08:41:11.720375',	3,	NULL,	NULL,	NULL,	NULL,	'Oveja',	'Ovino hembra'),
(3,	'2023-11-14 08:41:22.329108',	3,	NULL,	NULL,	NULL,	NULL,	'Cordero',	'Cría de ovino'),
(4,	'2023-11-14 08:42:27.903739',	3,	NULL,	NULL,	NULL,	NULL,	'Vaca',	'Bovino hembra que ha parido'),
(5,	'2023-11-14 08:42:41.948337',	3,	NULL,	NULL,	NULL,	NULL,	'Toro',	'Bovino macho entero'),
(6,	'2023-11-14 08:43:06.410203',	3,	NULL,	NULL,	NULL,	NULL,	'Novillo',	'Bovino macho castrado de mas de 2 años'),
(7,	'2023-11-14 08:43:42.471059',	3,	NULL,	NULL,	NULL,	NULL,	'Vaquillona',	'Bovino hembra destetada hasta su parición'),
(8,	'2023-11-14 08:44:09.195982',	3,	NULL,	NULL,	NULL,	NULL,	'Novillito',	'Bovino macho destetado castrado hasta los 2 años'),
(9,	'2023-11-14 08:44:34.168730',	3,	NULL,	NULL,	NULL,	NULL,	'Ternero/a',	'Cría bovino al pie de la madre')
ON DUPLICATE KEY UPDATE `id` = VALUES(`id`), `creada` = VALUES(`creada`), `creador_id` = VALUES(`creador_id`), `eliminada` = VALUES(`eliminada`), `eliminador_id` = VALUES(`eliminador_id`), `modificada` = VALUES(`modificada`), `modificador_id` = VALUES(`modificador_id`), `categoria` = VALUES(`categoria`), `notas` = VALUES(`notas`);


INSERT INTO `ciudad` (`id`, `ciudad`) VALUES
(1,	'TERMAS DEL DAYMAN'),
(2,	'PUNTA RUBIA'),
(3,	'18 DE JULIO'),
(4,	'PUEBLO NUEVO'),
(5,	'18 DE JULIO'),
(6,	'BARRA DE CARRASCO'),
(7,	'BARRIO HIPODROMO'),
(8,	'BARRIO PEREIRA'),
(9,	'CANTERAS DE MARELLI'),
(10,	'CERROS DE LA CALERA'),
(11,	'CIUDAD DE LA COSTA'),
(12,	'COLONIA DEL SACRAMENTO'),
(13,	'DELTA DEL TIGRE Y VILLAS'),
(14,	'DELTA EL TIGRE'),
(15,	'LA ESTANZUELA'),
(16,	'PASO CAMPAMENTO'),
(17,	'RINCON DE PACHECO'),
(18,	'TOPADOR'),
(19,	'FARO JOSE IGNACIO'),
(20,	'FARO JOSE IGNACIO NORTE'),
(21,	'PLAYA FOMENTO'),
(22,	'GIL'),
(23,	'PUEBLO GIL'),
(24,	'HARAS DEL LAGO'),
(25,	'INSTITUTO ADVENTISTA'),
(26,	'FRACCIONAMIENTO SOBRE RUTA 74'),
(27,	'FRACC. SOBRE RUTA 74'),
(28,	'BARROS BLANCOS'),
(29,	'CAPITAN J A ARTIGAS'),
(30,	'JOSE PEDRO VARELA'),
(31,	'ANTONIOPOLIS'),
(32,	'ARAMINDA'),
(33,	'ATLANTIDA'),
(34,	'ATLANTIDA-AGUARAYBA-'),
(35,	'LAGO JARDIN DEL BOSQUE'),
(36,	'LAGOMAR'),
(37,	'LAS CAAS'),
(38,	'LAS CAAS'),
(39,	'LOS TITANES'),
(40,	'PASO DE LAS TOSCAS'),
(41,	'PASO DOA ROSA'),
(42,	'PLAYA VERDE'),
(43,	'MIGUES'),
(44,	'BARRANCAS DE LA CORONILLA'),
(45,	'BELLO HORIZONTE'),
(46,	'BIARRITZ'),
(47,	'BELEN'),
(48,	'PROGRESO'),
(49,	'PUNTA DEL ESTE'),
(50,	'RINCON DE CAADA NIETO'),
(51,	'ESTACION RODRIGUEZ'),
(52,	'SARANDI DEL YI'),
(53,	'CARDAL'),
(54,	'CASTILLOS'),
(55,	'FCIO SANCHEZ'),
(56,	'FLORENCIO SANCHEZ'),
(57,	'EL CHORRO'),
(58,	'EMPALME OLMOS'),
(59,	'ESTACION SOUDRIERS'),
(60,	'SOUDRIERS'),
(61,	'FLORIDA'),
(62,	'FORTIN DE SANTA ROSA'),
(63,	'FRAILE MUERTO'),
(64,	'GREGORIO AZNAREZ'),
(65,	'MANANTIALES'),
(66,	'MENDOZA CHICO'),
(67,	'AGUAS CORRIENTES'),
(68,	'RIVERA'),
(69,	'JAVIER DE VIANA'),
(70,	'CAINZA CAMPO 3'),
(71,	'TOMAS GOMENSORO'),
(72,	'CEBOLLATI'),
(73,	'VILLA HADITA'),
(74,	'SALINAS'),
(75,	'LAS FLORES'),
(76,	'PUEBLO LAS FLORES'),
(77,	'LOMAS DE SOLYMAR'),
(78,	'BOCA DEL ROSARIO'),
(79,	'CUMBRES DE CARRASCO'),
(80,	'KIYU - ORDEIG'),
(81,	'ORDEIG'),
(82,	'VILLA AEROPARQUE'),
(83,	'SAN ANTONIO'),
(84,	'BARRIO OBRERO'),
(85,	'BARRIO LOPEZ BENITEZ'),
(86,	'OLMOS'),
(87,	'ARTIGAS'),
(88,	'SANTA MONICA'),
(89,	'ESTACION ATLANTIDA'),
(90,	'ESTACION LA FLORESTA'),
(91,	'NUEVA PALMIRA'),
(92,	'NUEVO BERLIN'),
(93,	'OCEAN PARK'),
(94,	'CALNU'),
(95,	'LAS PIEDRAS'),
(96,	'SOFIA SANTOS'),
(97,	'PLAYA PASCUAL'),
(98,	'RIO BRANCO'),
(99,	'FERRER'),
(100,	'PUEBLO FERRER'),
(101,	'DURAZNO'),
(102,	'LORENZO GEYRES'),
(103,	'TOLEDO'),
(104,	'MINAS'),
(105,	'POLANCO NORTE'),
(106,	'MASOLLER'),
(107,	'MASOLLER'),
(108,	'PIRIAPOLIS'),
(109,	'CASA BLANCA'),
(110,	'ALGORTA'),
(111,	'PUNTA BALLENA'),
(112,	'NUEVO PAYSANDU'),
(113,	'PUEBLO GRECCO'),
(114,	'PUEBLO FEDERACION'),
(115,	'CUCHILLA DE BURICAYUPI'),
(116,	'BARRIO ANGLO'),
(117,	'LA PEDRERA'),
(118,	'PASO LAPUENTE'),
(119,	'CHUY'),
(120,	'PINEPARK'),
(121,	'PINE PARK'),
(122,	'COLOLO TINOSA'),
(123,	'PUEBLO CAYETANO'),
(124,	'LA BOYADA'),
(125,	'CAADA GRANDE'),
(126,	'SAN LUIS AL MEDIO'),
(127,	'LA CORONILLA'),
(128,	'LARES'),
(129,	'PASO DE LOS TOROS'),
(130,	'PASODE LOSTOROS'),
(131,	'ARROCERA SAN FERNANDO'),
(132,	'TACUAREMBO'),
(133,	'PASO FARIAS'),
(134,	'ESTACION MIGUES'),
(135,	'VIEJO MOLINO SAN BERNARDO'),
(136,	'VIEJO MOLINO Y SAN BERNARDO'),
(137,	'RAMON TRIGO'),
(138,	'LA CASILLA'),
(139,	'AGRACIADA'),
(140,	'COLONIA VALDENSE'),
(141,	'EL ENSUEO'),
(142,	'LA HORQUETA'),
(143,	'SAN PEDRO'),
(144,	'SANTA REGINA'),
(145,	'JUAN JACKSON'),
(146,	'BLANQUILLO'),
(147,	'PUEBLO DE ALVAREZ'),
(148,	'LA CRUZ'),
(149,	'PUNTAS DE MACIEL'),
(150,	'ESTACION CAPILLA DEL SAUCE'),
(151,	'ARAMENDIA'),
(152,	'CUCHILLA DE FUEGO'),
(153,	'LA TENTACION'),
(154,	'CERROS AZULES'),
(155,	'QUEGUAYAR'),
(156,	'BARRA DE MALDONADO'),
(157,	'LA BARRA'),
(158,	'VALENTINES'),
(159,	'VALENTINES'),
(160,	'SAUCE DE PORTEZUELO'),
(161,	'LOS CORCHOS'),
(162,	'ARENAS DE JOSE IGNACIO'),
(163,	'PAYSANDU'),
(164,	'BELLA VISTA'),
(165,	'ESTACION PORVENIR'),
(166,	'TERMAS DE ALMIRON'),
(167,	'LOS ARRAYANES'),
(168,	'PUEBLO RINCON DE VALENTIN'),
(169,	'RINCON DE VALENTIN'),
(170,	'CHACRAS DE PAYSANDU'),
(171,	'BARRA DE VALIZAS'),
(172,	'PUEBLO NUEVO'),
(173,	'CUCHILLA DE GUAVIYU'),
(174,	'RAIGON'),
(175,	'MOIRONES'),
(176,	'PUEBLO QUINTANA'),
(177,	'SARANDI DE ARAPEY'),
(178,	'LAS FLORES'),
(179,	'RINCON DEL PINO'),
(180,	'BARRIO CARPACHO'),
(181,	'CAPACHO'),
(182,	'RINCON DEL BONETE'),
(183,	'CASTILLOS'),
(184,	'PUEBLO CASTILLO'),
(185,	'EL TALA'),
(186,	'VILLA ANSINA'),
(187,	'PERSEVERANO'),
(188,	'PUEBLO DE ARRIBA'),
(189,	'PUEBLO DEL BARRO'),
(190,	'SAUCE DE BATOVI'),
(191,	'RINCON DE PEREIRA'),
(192,	'PUNTA DE CARRETERA'),
(193,	'PUNTAS DEL PARAO'),
(194,	'ARROCERA EL TIGRE'),
(195,	'ARROCERA LA CATUMBERA'),
(196,	'ARROCERA LA QUERENCIA'),
(197,	'TOTORAL DEL SAUCE'),
(198,	'LA LOMA'),
(199,	'PALO SOLO'),
(200,	'PAN DE AZUCAR'),
(201,	'QUEBRACHO'),
(202,	'PIERA'),
(203,	'PIERA'),
(204,	'ELIAS REGULES'),
(205,	'ROSSELL Y RIUS'),
(206,	'TARARIRAS'),
(207,	'PASTOREO'),
(208,	'LA PAZ'),
(209,	'ESTACION CASTELLANOS'),
(210,	'PUEBLO CASTELLANOS'),
(211,	'BELLA VISTA'),
(212,	'PLAYA GRANDE'),
(213,	'MALDONADO'),
(214,	'EJIDO DE TREINTA Y TRES'),
(215,	'CARMELO'),
(216,	'EL BELLACO'),
(217,	'LA PEDRERA'),
(218,	'CERRO DE PASTOREO'),
(219,	'TALA'),
(220,	'LA TUNA'),
(221,	'SAN BAUTISTA'),
(222,	'S BAUTISTA'),
(223,	'LA HILERA'),
(224,	'CERRO CHATO'),
(225,	'CHILENO GRANDE (AGUERO)'),
(226,	'MOLLES DE AIGUA'),
(227,	'SAUCE DEL YI'),
(228,	'ARROYO MALO'),
(229,	'RINCON DE NAZARETH'),
(230,	'TROPEZON'),
(231,	'LA SIERRA'),
(232,	'REAL DE VERA'),
(233,	'CONCHILLAS'),
(234,	'JOSE ENRIQUE RODO'),
(235,	'CHISPAS'),
(236,	'SACACHISPAS'),
(237,	'VILLA DARWIN'),
(238,	'CHACRAS DE DOLORES'),
(239,	'RINCON DE RUIZ'),
(240,	'ARBOLITO (TOTORAL)'),
(241,	'PASO  VALEGA'),
(242,	'PASO DE LA CRUZ'),
(243,	'CARPINTERIA'),
(244,	'MANUEL DIAZ'),
(245,	'PASO SERPA'),
(246,	'ZANJA HONDA DE TRANQUERAS'),
(247,	'PRESIDENTE DOCTOR GETULIO VARGAS'),
(248,	'ASPEREZAS'),
(249,	'ARROYO MALO'),
(250,	'PUNTAS DE MOLLES'),
(251,	'CASA DE LAS CRONICAS'),
(252,	'TRES ISLAS'),
(253,	'CUCHILLA DEL CARMEN'),
(254,	'ARROZAL TREINTA Y TRES'),
(255,	'CERRO PELADO'),
(256,	'PALO A PIQUE'),
(257,	'COSTAS DE CEBOLLATI'),
(258,	'LA FALDA'),
(259,	'SARANDI DEL MATAOJO'),
(260,	'VEJIGAS DE SAN RAMON'),
(261,	'COSTA DE PANDO SAN JACINTO'),
(262,	'COSTA DE PANDO OLMOS'),
(263,	'PASO PALOMEQUE'),
(264,	'VILLA ENCANTADA'),
(265,	'PUERTO DE LOS BOTES'),
(266,	'PUNTAS DE ARROYO NEGRO'),
(267,	'CERAMICAS DEL SUR'),
(268,	'HIPODROMO'),
(269,	'BARRIO LA VINCHUCA'),
(270,	'COLINAS DE CARRASCO'),
(271,	'LOMAS DE CARRASCO'),
(272,	'CASERIO LAS CAAS'),
(273,	'VILLA EL TATO'),
(274,	'PASO ESPINOSA'),
(275,	'BARRIO LA LUCHA'),
(276,	'VILLA SAN FELIPE'),
(277,	'CERRO SIGNORELLI'),
(278,	'CERRO SAN EUGENIO'),
(279,	'COLON'),
(280,	'COLONIA PALMA'),
(281,	'LAS PALMAS'),
(282,	'LA CAPUERA'),
(283,	'BELLA UNION'),
(284,	'BALTASAR BRUM'),
(285,	'CERRO EJIDO'),
(286,	'BERNABE RIVERA'),
(287,	'B RIVERA'),
(288,	'BARRIO LAS PIEDRAS'),
(289,	'LAS PIEDRAS'),
(290,	'FRANQUIA'),
(291,	'SEQUEIRA'),
(292,	'CORONADO'),
(293,	'CUAREIM'),
(294,	'CUARO'),
(295,	'ESTACION CUARO'),
(296,	'PORT. DE HIERRO Y CAMPODONICO'),
(297,	'COLONIA LAVALLEJA'),
(298,	'MIGLIARO'),
(299,	'COLONIA MONES QUINTELA'),
(300,	'MONES QUINTELA'),
(301,	'25 DE AGOSTO'),
(302,	'25 DE MAYO'),
(303,	'CAINSA'),
(304,	'CALPICA ITACUMBU	'),
(305,	'PARQUE POSTEL CNEL. ADRIAN MEDINA'),
(306,	'PINAMAR'),
(307,	'CANELONES'),
(308,	'VIADUCTO CANELONES'),
(309,	'CRUZ DE LOS CAMINOS'),
(310,	'LA PAZ'),
(311,	'PUEBLO RINCON DE RAMIREZ'),
(312,	'RINCON'),
(313,	'RIACHUELO'),
(314,	'LA ASUNCION'),
(315,	'SANTA LUCIA'),
(316,	'PIEDRAS DE AFILAR'),
(317,	'QUEBRACHO'),
(318,	'COLONIA NICOLICH'),
(319,	'LA PEDRERA'),
(320,	'SAN RAMON'),
(321,	'JOAQUIN SUAREZ'),
(322,	'SUAREZ'),
(323,	'MENDOZA GRANDE'),
(324,	'JUAN SOLER'),
(325,	'BALNEARIO LAGO MERIN'),
(326,	'LAGO MERIN'),
(327,	'LAS TOSCAS'),
(328,	'PASO CARRASCO'),
(329,	'SANTA ROSA'),
(330,	'BARRIO COPOLA'),
(331,	'SAUCE'),
(332,	'PENINO'),
(333,	'PASO DEL LAGUNON'),
(334,	'PARQUE DEL PLATA'),
(335,	'SAN LUIS'),
(336,	'VILLA FELICIDAD'),
(337,	'VILLA PAZ S.A.'),
(338,	'CAMINO AL PASO DEL ANDALUZ'),
(339,	'FRACC. CNO. ANDALUZ Y R.84'),
(340,	'LOS CERRILLOS'),
(341,	'SAN JACINTO'),
(342,	'VILLA SAN JOSE'),
(343,	'DOCTOR FRANCISCO SOCA'),
(344,	'FRANCISCO SOCA'),
(345,	'ESTACION TAPIA'),
(346,	'MONTES'),
(347,	'PINARES DE SOLYMAR'),
(348,	'BOSQUE DE SOLYMAR'),
(349,	'EL BOSQUE DE SOLYMAR'),
(350,	'SAN JOSE DE CARRASCO'),
(351,	'ESPERANZA'),
(352,	'CITY PARK'),
(353,	'PARQUE CARRASCO'),
(354,	'JUANICO'),
(355,	'GERONA'),
(356,	'LA FLORESTA'),
(357,	'PASO DE PACHE'),
(358,	'MONTES DE SOLYMAR'),
(359,	'PINTADITO'),
(360,	'MARISCALA'),
(361,	'POBLADO URUGUAY'),
(362,	'SOLYMAR'),
(363,	'DIEGO LAMAS'),
(364,	'ROCHA'),
(365,	'PLAYA HERMOSA'),
(366,	'GUAZUVIRA NUEVO'),
(367,	'BARKER'),
(368,	'MELO'),
(369,	'NUEVA CARRARA'),
(370,	'NEPTUNIA'),
(371,	'LA MONTAESA'),
(372,	'GUAZUVIRA'),
(373,	'LA BOLSA'),
(374,	'BOLIVAR'),
(375,	'PLANO 291'),
(376,	'PANDO'),
(377,	'CAPURRO'),
(378,	'ESTANQUE DE PANDO'),
(379,	'QUINTAS DEL BOSQUE'),
(380,	'BARRIO REMANSO'),
(381,	'CERRO CHATO'),
(382,	'CERRO CHATO'),
(383,	'CERRO CHATO'),
(384,	'CHAMIZO'),
(385,	'INDEPENDENCIA'),
(386,	'CITY GOLF'),
(387,	'PASO DEL CERRO'),
(388,	'SAFICI'),
(389,	'SAMUEL'),
(390,	'QUINTA LOS HORNEROS'),
(391,	'LAS HIGUERITAS'),
(392,	'ESTACION PIEDRAS DE AFILAR'),
(393,	'PUEBLO CENTENARIO'),
(394,	'COSTA AZUL'),
(395,	'COSTA Y GUILLAMON'),
(396,	'MANGRULLO'),
(397,	'MARINDIA'),
(398,	'GARZON'),
(399,	'ARACHANIA'),
(400,	'HOSPITAL'),
(401,	'JUAN CARLOS CASEROS'),
(402,	'CHICO TORINO'),
(403,	'PASO DE LOS NOVILLOS'),
(404,	'RIVERA CHICO'),
(405,	'VILLA RIVES'),
(406,	'ARRIVILLAGA'),
(407,	'PIEDRA SOLA'),
(408,	'PIEDRA SOLA'),
(409,	'CARLOS REYLES'),
(410,	'POLANCO DEL YI'),
(411,	'PUNTAS DE VALDEZ'),
(412,	'ISIDORO NOBLIA'),
(413,	'BAYGORRIA'),
(414,	'SAN FERNANDO CHICO'),
(415,	'AGUAS BUENAS'),
(416,	'ARROYO SAUZAL'),
(417,	'JAUREGUIBERRY'),
(418,	'CERRO COLORADO'),
(419,	'CASERIO LA FUNDACION'),
(420,	'PARADA ESPERANZA'),
(421,	'PUEBLO ESPERANZA'),
(422,	'SARANDI DE NAVARRO'),
(423,	'VILLA MARIA'),
(424,	'PALOMAS'),
(425,	'LLUVERAS'),
(426,	'TRANQUERAS'),
(427,	'CARDOSO'),
(428,	'BLANES VIALE'),
(429,	'BEISSO'),
(430,	'FRIGORIFICO MODELO'),
(431,	'ESCUELA DE AGRONOMIA'),
(432,	'LOS TALAS'),
(433,	'CUCHILLA DE PERALTA'),
(434,	'WENCESLAO SILVERA'),
(435,	'LOS MELLIZOS'),
(436,	'SAN GREGORIO DE POLANCO'),
(437,	'ARBOLITO'),
(438,	'CERRO DE LAS CUENTAS'),
(439,	'PUEBLO ALONZO'),
(440,	'SAN JAVIER'),
(441,	'CHAMBERLAIN'),
(442,	'YOUNG'),
(443,	'LA PALOMA'),
(444,	'SANTA CLARA DE OLIMAR'),
(445,	'OSIMANI Y LLERENA'),
(446,	'SAN JOSE DE MAYO'),
(447,	'VERGARA'),
(448,	'ARAUJO'),
(449,	'TUPAMBAE'),
(450,	'TUPAMBAE'),
(451,	'MARIA ISABEL'),
(452,	'PALMAR'),
(453,	'MENAFRA'),
(454,	'TRES QUINTAS'),
(455,	'PUNTAS DE VALENTIN'),
(456,	'MERCEDES'),
(457,	'MENDIZABAL'),
(458,	'GRAL. ENRIQUE MARTINEZ'),
(459,	'LA CHARQUEADA'),
(460,	'PUEBLO GENERAL ENRIQUE MARTINEZ'),
(461,	'EL PINAR'),
(462,	'SAN CARLOS'),
(463,	'TREINTA Y TRES'),
(464,	'VILLA DEL CARMEN'),
(465,	'VILLA SARA'),
(466,	'ARGENTINO'),
(467,	'MANGRULLO'),
(468,	'VILLA PASSANO'),
(469,	'DE DIOS'),
(470,	'GOI'),
(471,	'ESTACION MONTECORAL'),
(472,	'MONTECORAL'),
(473,	'PASO DEL PARQUE DEL DAYMAN'),
(474,	'CELESTE'),
(475,	'PUEBLO CELESTE'),
(476,	'CUCHILLA ALTA'),
(477,	'DOLORES'),
(478,	'LA CONCORDIA'),
(479,	'ILLESCAS'),
(480,	'ILLESCAS'),
(481,	'EGAA'),
(482,	'EGAA'),
(483,	'RISSO'),
(484,	'LASCANO'),
(485,	'VILLA SORIANO'),
(486,	'CAADA NIETO'),
(487,	'ALEJANDRO GALLINAL'),
(488,	'CERRO COLORADO'),
(489,	'CARDONA'),
(490,	'CUCHILLA DEL PERDIDO'),
(491,	'SANTA ANA'),
(492,	'SANTA LUCIA DEL ESTE'),
(493,	'ISMAEL CORTINAS'),
(494,	'ARROCERA BONOMO'),
(495,	'COLONIA MIGUELETE'),
(496,	'CUCHILLA DEL OMBU'),
(497,	'MAL ABRIGO'),
(498,	'OMBUES DE LAVALLE'),
(499,	'VELAZQUEZ'),
(500,	'CASUPA'),
(501,	'VILLA DEL ROSARIO'),
(502,	'COLINAS DE SOLYMAR'),
(503,	'POBLADO ALONZO'),
(504,	'SALTO'),
(505,	'AEROPUERTO INTERNACIONAL DE CARRASCO'),
(506,	'FRAY MARCOS'),
(507,	'AIGUA'),
(508,	'CUFRE'),
(509,	'GONZALEZ'),
(510,	'PARADA CABRERA'),
(511,	'JARDINES DE PANDO'),
(512,	'CARMEL'),
(513,	'LA PEDRERA'),
(514,	'SHANGRILA'),
(515,	'GALLINAL'),
(516,	'CAMPO MILITAR'),
(517,	'EL BOSQUE'),
(518,	'EL BOSQUE DE CARRASCO'),
(519,	'ESTACION PEDRERA'),
(520,	'FRACCIONAMIENTO PROGRESO'),
(521,	'FRACC. PROGRESO'),
(522,	'NANDO'),
(523,	'PASO DE LA CADENA'),
(524,	'EL EDEN'),
(525,	'PASO DEL TORO'),
(526,	'PIEDRA DEL TORO'),
(527,	'VILLA SAN CONO'),
(528,	'VILLA JUANA'),
(529,	'EL GALEON'),
(530,	'SEIS HERMANOS'),
(531,	'VILLA AREJO'),
(532,	'VILLA ARGENTINA'),
(533,	'ARROCERA LAS PALMAS'),
(534,	'ANDRESITO'),
(535,	'ALTOS DE LA TAHONA'),
(536,	'ARROCERA MINI'),
(537,	'ACEGUA'),
(538,	'ALMEIDA'),
(539,	'JUNCAL'),
(540,	'PASO ALMEIDA'),
(541,	'PUEBLO ALMEIDA'),
(542,	'PUEBLO JUNCAL'),
(543,	'BAADO DE MEDINA'),
(544,	'JUAN JOSE CASTRO'),
(545,	'ARROCERA PROCIPA'),
(546,	'CENTURION'),
(547,	'AREVALO'),
(548,	'ANGAPIRE'),
(549,	'COLONIA SUIZA'),
(550,	'NUEVA HELVECIA'),
(551,	'JUAN LACAZE'),
(552,	'CERROS DE SAN JUAN'),
(553,	'ROSARIO'),
(554,	'PLACIDO ROSAS'),
(555,	'SAN GABRIEL'),
(556,	'PASO ANTOLIN'),
(557,	'CASERIO EL CERRO'),
(558,	'EL SEMILLERO'),
(559,	'PASO BONILLA'),
(560,	'CAMPANA'),
(561,	'ARTILLEROS'),
(562,	'BALNEARIO ARTILLEROS'),
(563,	'P.ASTILLERO'),
(564,	'BLANCA ARENA'),
(565,	'BRISAS DEL PLATA'),
(566,	'COLONIA COSMOPOLITA'),
(567,	'PARAJE MINUANO'),
(568,	'RADIAL HERNANDEZ'),
(569,	'BALNEARIO BRITOPOLIS'),
(570,	'PLAYA BRITOPOLIS'),
(571,	'BALNEARIO SANTA ANA'),
(572,	'SANTA ANA'),
(573,	'LOS PINOS'),
(574,	'PLAYA AZUL'),
(575,	'PLAYA PARANT'),
(576,	'PUERTO INGLES'),
(577,	'BALNEARIO ZAGARZAU'),
(578,	'BALNEARIO ZAGARZAZU'),
(579,	'ZAGARZAZU'),
(580,	'EL FARO'),
(581,	'LAGUNA DE LOS PATOS'),
(582,	'CERRO CARMELO'),
(583,	'FELICIANO'),
(584,	'OMBUES DE ORIBE'),
(585,	'SAN JORGE'),
(586,	'MERINOS'),
(587,	'MERINOS'),
(588,	'BARCELO'),
(589,	'ESTACION PINTADO'),
(590,	'PINTADO'),
(591,	'TRINIDAD'),
(592,	'SARANDI GRANDE'),
(593,	'CAPILLA DEL SAUCE'),
(594,	'REBOLEDO'),
(595,	'BERRONDO'),
(596,	'PIRARAJA'),
(597,	'NICO PEREZ'),
(598,	'ESTACION SOLIS'),
(599,	'GAETAN (CUCHILLA DE CARBAJAL)'),
(600,	'SOLIS DE MATAOJO'),
(601,	'EL EUCALIPTUS'),
(602,	'VILLA SERRANA'),
(603,	'BARRIO LA CORONILLA - ANCAP'),
(604,	'SAN FRANCISCO DE LAS SIERRAS'),
(605,	'ACHAR'),
(606,	'ZAPICAN'),
(607,	'19 DE JUNIO'),
(608,	'CAADA DEL PUEBLO'),
(609,	'CLAVIJO'),
(610,	'CERRO PELADO'),
(611,	'LAS FLORES - ESTACION'),
(612,	'SOLIS'),
(613,	'PUEBLO SOLIS'),
(614,	'LOS AROMOS'),
(615,	'CHIHUAHUA'),
(616,	'VILLA DELIA'),
(617,	'CHAPICUY'),
(618,	'MORATO (TRES ARBOLES)'),
(619,	'PINARES - LAS DELICIAS'),
(620,	'EL QUINTON'),
(621,	'EL TESORO'),
(622,	'GUAVIYU DE ARAPEY'),
(623,	'EL QUIJOTE'),
(624,	'RUSSO'),
(625,	'PASO CEMENTERIO'),
(626,	'LAGUNA BLANCA'),
(627,	'19 DE ABRIL'),
(628,	'PUNTA COLORADA'),
(629,	'PUNTA NEGRA'),
(630,	'RUTA 37 Y 9'),
(631,	'SAN VICENTE'),
(632,	'LA MACANA'),
(633,	'JOSE BATLLE Y ORDONEZ'),
(634,	'JOSE BATLLE Y ORDOEZ'),
(635,	'JOSE BATLLE Y ORDONEZ'),
(636,	'JOSE BATLLE Y ORDOEZ'),
(637,	'VICHADERO'),
(638,	'BALNEARIO BUENOS AIRES'),
(639,	'LAS CUMBRES'),
(640,	'PARQUE MIRAMAR'),
(641,	'BLANCO'),
(642,	'SANTA MONICA'),
(643,	'EDEN ROCK'),
(644,	'PARQUE MEDINA'),
(645,	'LA SONRISA'),
(646,	'TAMBORES'),
(647,	'TAMBORES'),
(648,	'GUICHON'),
(649,	'PORVENIR'),
(650,	'ORGOROSO'),
(651,	'SOTO'),
(652,	'CERRO CHATO'),
(653,	'CONSTANCIA'),
(654,	'PIEDRAS COLORA'),
(655,	'PIEDRAS COLORADAS'),
(656,	'ZEBALLOS'),
(657,	'TERMAS DE GUAVIYU'),
(658,	'LAGOS DEL NORTE'),
(659,	'SAN FELIX'),
(660,	'VILLA MARIA (TIATUCURA)'),
(661,	'SANTA BERNARDINA'),
(662,	'FRAY BENTOS'),
(663,	'OLIVERA'),
(664,	'CARRETA QUEMADA'),
(665,	'BORGES'),
(666,	'VILLA GENERAL BORGES'),
(667,	'COLONIA EL OMBU'),
(668,	'ARROYO BLANCO'),
(669,	'PASO DE LAS PIEDRAS DE ARERUNGUA'),
(670,	'SANTA TERESA'),
(671,	'PASO ATAQUES'),
(672,	'LAS FLORES'),
(673,	'CERRO PELADO'),
(674,	'CERRILLADA'),
(675,	'COSTAS DE PEREIRA'),
(676,	'RAPETTI'),
(677,	'MANDUBI'),
(678,	'LAGUNON'),
(679,	'AMARILLO'),
(680,	'COLONIA DELTA'),
(681,	'RAFAEL PERAZZA'),
(682,	'BOCA DEL ROSARIO OESTE'),
(683,	'PALMARES DE LA CORONILLA'),
(684,	'LA RIBIERA'),
(685,	'PUENTE VALIZAS'),
(686,	'PARQUE BALNEARIO LA PALOMA'),
(687,	'PUERTO LA PALOMA'),
(688,	'LA AGUADA Y COSTA AZUL'),
(689,	'AGUAS DULCES'),
(690,	'BARRA DEL CHUY'),
(691,	'BARRIO TORRES'),
(692,	'RADIAL RUTA 3'),
(693,	'CABO POLONIO'),
(694,	'BALNEARIO LA ESMERALDA'),
(695,	'LA ESMERALDA'),
(696,	'PARALLE'),
(697,	'PUIMAYEN'),
(698,	'ARACHANIA'),
(699,	'PUNTA DEL DIABLO'),
(700,	'OCEANIA DEL POLONIO'),
(701,	'SAN ANTONIO'),
(702,	'SAN ANTONIO'),
(703,	'COLONIA 18 DE JULIO'),
(704,	'SAUCEDO'),
(705,	'TERMAS DEL ARAPEY'),
(706,	'MINAS DE CORRALES'),
(707,	'LAURELES'),
(708,	'LIBERTAD'),
(709,	'CONSTITUCION'),
(710,	'PARQUE JOSE LUIS'),
(711,	'PUEBLO FERNANDEZ'),
(712,	'COLONIA ITAPEBI'),
(713,	'BALNEARIO ALBISU'),
(714,	'BIASSINI'),
(715,	'PUEBLO BIASSINI'),
(716,	'CAMPO DE TODOS'),
(717,	'SAN FERNANDO'),
(718,	'ARENITAS BLANCAS'),
(719,	'CERROS DE VERA'),
(720,	'GARIBALDI'),
(721,	'ITUZAINGO'),
(722,	'BOCA DE CUFRE'),
(723,	'BOCA DEL CUFRE'),
(724,	'VILLA MARIA'),
(725,	'MONTE GRANDE'),
(726,	'ECILDA PAULLIER'),
(727,	'ADOLFO SCAVINO'),
(728,	'SCAVINO'),
(729,	'PALMITAS'),
(730,	'SANTA CATALINA'),
(731,	'TAJAMARES DE LA PEDRERA'),
(732,	'ARROCERA LOS TEROS'),
(733,	'CURTINA'),
(734,	'CLARA'),
(735,	'LAS TOSCAS DE CARAGUATA'),
(736,	'LAURELES'),
(737,	'CRUZ DE LOS CAMINOS'),
(738,	'ARROCERA LOS CEIBOS'),
(739,	'MARIA ALBINA'),
(740,	'VILLA MARIA ALBINA'),
(741,	'ARROCERA RINCON'),
(742,	'ARROCERA SANTA FE'),
(743,	'ARROCERA ZAPATA'),
(744,	'SOTO GORO'),
(745,	'BELLACO'),
(746,	'SAN GREGORIO'),
(747,	'LAS VEGAS'),
(748,	'COLONIA CONCORDIA'),
(749,	'CONCORDIA'),
(750,	'PARQUE DE SOLYMAR'),
(751,	'MONTEVIDEO CHICO'),
(752,	'PUNTAS DE CINCO SAUCES'),
(753,	'COLONIA DR. BERNARDO ETCHEPARE'),
(754,	'BARRA DE PORTEZUELO'),
(755,	'SAN FRANCISCO'),
(756,	'BALNEARIO IPORA'),
(757,	'PARQUE POSTEL'),
(758,	'BUENOS AIRES'),
(759,	'SAN SEBASTIAN DE LA PEDRERA'),
(760,	'LAS CHIRCAS'),
(761,	'LAS PAJAS'),
(762,	'MINUANO'),
(763,	'LOS VAZQUEZ'),
(764,	'LOS ROSAS'),
(765,	'TURUPI'),
(766,	'PICADA DE CUELLO'),
(767,	'CINCO SAUCES'),
(768,	'CERRO DE PEREIRA'),
(769,	'LOS FEOS'),
(770,	'CUCHILLA DE LA PALMA'),
(771,	'LA BOLSA 01'),
(772,	'HERIBERTO'),
(773,	'COSTAS DE TRES CRUCES'),
(774,	'RINCON DE GILOCA'),
(775,	'ZAPUCAY'),
(776,	'ZAMBULLON'),
(777,	'LOS SEMPER'),
(778,	'RINCON DE LA LAGUNA'),
(779,	'SAN JOAQUIN'),
(780,	'RINCON DE ZAMORA'),
(781,	'PASO DE LAS FLORES'),
(782,	'CUCHILLA DE LAURELES'),
(783,	'PASO DEL MEDIO'),
(784,	'PASO DE CEFERINO'),
(785,	'LAMBARE'),
(786,	'PASO DE LAS CARRETAS'),
(787,	'ATAQUE'),
(788,	'BAADO DE ROCHA'),
(789,	'CAAS'),
(790,	'ZAPARA'),
(791,	'SAUCE SOLO'),
(792,	'LA PALMA'),
(793,	'LA ALDEA'),
(794,	'RINCON DE LA ALDEA'),
(795,	'TIERRAS COLORADAS'),
(796,	'RINCON DE LA BOLSA'),
(797,	'LOS COITINHOS'),
(798,	'SAUCE DE TRANQUERAS'),
(799,	'BARRIO LIBERTAD'),
(800,	'CERRO BATOVI'),
(801,	'MARTINOTE'),
(802,	'COYO MARTINEZ'),
(803,	'CERROS DE CLARA'),
(804,	'LOS CUADRADOS'),
(805,	'COLMAN'),
(806,	'RINCON DE LOS MACHADO'),
(807,	'ONCE CERROS'),
(808,	'CERRO DEL ARBOLITO'),
(809,	'LOS FURTADOS'),
(810,	'ARROYO DEL MEDIO'),
(811,	'CHARATA'),
(812,	'PASO HONDO'),
(813,	'BLANQUILLOS'),
(814,	'SAN BENITO'),
(815,	'PUNTAS DE LAURELES'),
(816,	'LOS LAURELES'),
(817,	'CARPINTERIA'),
(818,	'LOS CERROS'),
(819,	'RINCON DE FREITAS'),
(820,	'PASO VICTOR'),
(821,	'CUCHILLA DE LA CASA DE PIEDRA'),
(822,	'TACUAREMBO CHICO'),
(823,	'VALLE EDEN'),
(824,	'LOS ROSANOS'),
(825,	'EL EMPALME'),
(826,	'LOS RODRIGUEZ'),
(827,	'PASO DE PEREZ'),
(828,	'PAMPA'),
(829,	'CARDOZO CHICO'),
(830,	'CHURCHILL'),
(831,	'CERREZUELO'),
(832,	'PASO DEL MEDIO LAS PALMAS'),
(833,	'CUCHILLA DE RAMIREZ'),
(834,	'LA MAZAMORRA'),
(835,	'LA ALEGRIA'),
(836,	'PASO RAMIREZ'),
(837,	'VERDUN'),
(838,	'CERRO CONVENTO'),
(839,	'CEIBAL'),
(840,	'CAPILLA DE FARRUCO'),
(841,	'CAPILLA FARRUCO'),
(842,	'LAS ACACIAS'),
(843,	'CHILENO'),
(844,	'BLANQUILLO AL OESTE'),
(845,	'ESTACION CHILENO'),
(846,	'CHILENO CHICO'),
(847,	'PUNTAS DE HERRERA'),
(848,	'PUNTAS DE MALBAJAR'),
(849,	'PASO DE AGUIRRE'),
(850,	'MALBAJAR OESTE'),
(851,	'MALBAJAR ESTE'),
(852,	'SARANDI DEL RIO NEGRO'),
(853,	'SARANDI DE RIO NEGRO'),
(854,	'BARRANCAS COLORADAS'),
(855,	'LOS AGREGADOS'),
(856,	'HIGUERAS DE CARPINTERIA'),
(857,	'PASO REAL DE CARPINTERIA'),
(858,	'CUCHILLA DEL RINCON'),
(859,	'ARROYO DE LOS PERROS'),
(860,	'FONSECA'),
(861,	'PUNTAS DE CARPINTERIA'),
(862,	'MUNICIPIO DE DURAZNO'),
(863,	'SAUCE DE HERRERA'),
(864,	'ROLON'),
(865,	'SALINAS'),
(866,	'SALINAS CHICO'),
(867,	'ABELLA'),
(868,	'MARISCALA DEL CARMEN'),
(869,	'MARISCALA'),
(870,	'PASO DE CASTRO'),
(871,	'SAUCE DEL YI'),
(872,	'TALA DE MARISCALA'),
(873,	'SARANDI DE LA CHINA'),
(874,	'LARROSA'),
(875,	'PARADA SUR'),
(876,	'ESTACION PARISH'),
(877,	'PARISH'),
(878,	'MOLLES CHICO'),
(879,	'MARIA CEJAS'),
(880,	'PUGLIA'),
(881,	'VILLASBOAS'),
(882,	'COSTA DE CUADRA'),
(883,	'TEJERA'),
(884,	'SANDU CHICO'),
(885,	'PASO TEJERA'),
(886,	'LAS TUNAS'),
(887,	'BATOVI'),
(888,	'MAESTRE CAMPO'),
(889,	'MOLLES DE QUINTEROS'),
(890,	'LOS TAPES'),
(891,	'CABALLERO'),
(892,	'CHACRAS DE DURAZNO'),
(893,	'RINCON DE LOS TAPES'),
(894,	'COSTAS DE CORRALES'),
(895,	'ALONSO'),
(896,	'CARNALES'),
(897,	'GUTIERREZ'),
(898,	'SARANDI DE GUTIERREZ'),
(899,	'RINCON DE CEBOLLATI'),
(900,	'AZUCAR'),
(901,	'LAS ACHIRAS'),
(902,	'RINCON DE MARISCALA'),
(903,	'MOLLES DEL SAUCE'),
(904,	'SAUCE DE OLIMAR CHICO'),
(905,	'RETAMOSA'),
(906,	'MOLLES DE CAADA GRANDE'),
(907,	'RINCON DE SILVA'),
(908,	'LOS TAPES'),
(909,	'PASO DE MESA'),
(910,	'BARRIGA NEGRA'),
(911,	'TAPES GRANDE'),
(912,	'TAPES CHICO'),
(913,	'PUNTAS DE BARRIGA NEGRA'),
(914,	'MARMARAJA'),
(915,	'PASO DE LOS TRONCOS'),
(916,	'CERRO PELADO'),
(917,	'PORORO'),
(918,	'PUENTE DE MARMARAJA'),
(919,	'SAUCE DE AIGUA'),
(920,	'MARCO DE LOS REYES'),
(921,	'GODOY'),
(922,	'LADRILLOS'),
(923,	'MANGUERA AZUL'),
(924,	'POLANCO'),
(925,	'POLANCO SUR'),
(926,	'PUNTAS DE POLANCO'),
(927,	'CHAMAME'),
(928,	'ESPUELITAS'),
(929,	'SIERRAS BLANCAS'),
(930,	'LA CUCHILLA'),
(931,	'COSTAS DEL SOLDADO'),
(932,	'CASUPA CHICO'),
(933,	'PUNTAS DE SANTA LUCIA'),
(934,	'ARROYO DEL MEDIO'),
(935,	'COSTA DEL LENGUAZO'),
(936,	'EL SOLDADO'),
(937,	'PUNTAS DEL PERDIDO'),
(938,	'EL ALTO'),
(939,	'ORTIZ CASTRO'),
(940,	'ESTACION ORTIZ'),
(941,	'ORTIZ'),
(942,	'HIGUERITAS'),
(943,	'CAMPANERO'),
(944,	'VERDUN'),
(945,	'CANTERAS DEL VERDUN'),
(946,	'AREQUITA'),
(947,	'EL PERDIDO'),
(948,	'SANTA LUCIA'),
(949,	'SOLDADO'),
(950,	'LA PLATA'),
(951,	'PUNTAS DE LOS CHANCHOS'),
(952,	'VELAZQUEZ'),
(953,	'PUNTAS DE SAN FRANCISCO'),
(954,	'ABRA DE ZABALETA'),
(955,	'AGUAS BLANCAS'),
(956,	'CASUPA'),
(957,	'EL TIGRE'),
(958,	'VEJIGAS'),
(959,	'ROLDAN'),
(960,	'PUNTAS DE VEJIGAS'),
(961,	'PUNTAS DE SOLIS'),
(962,	'ARROYO DE LOS PATOS'),
(963,	'OMBUES DE BENTANCOR'),
(964,	'BARRA DE LOS CHANCHOS'),
(965,	'BARRANCAS'),
(966,	'VALLE DE SOLIS'),
(967,	'SOLIS'),
(968,	'SOLIS GRANDE'),
(969,	'ESTACION ANDREONI'),
(970,	'PASO ARBELO'),
(971,	'ARROYO MONZON'),
(972,	'PUEBLO DE LOS MOROCHOS'),
(973,	'MOLLES DEL PESCADO'),
(974,	'LA VICTORIA'),
(975,	'PUNTAS DE ILLESCAS'),
(976,	'ARRAYAN'),
(977,	'PASO REAL DE MANSAVILLAGRA'),
(978,	'PUNTAS DE MANSAVILLAGRA'),
(979,	'PUNTAS DE CHAMAME'),
(980,	'LA PALMA'),
(981,	'TABARE'),
(982,	'RINCON SAUCE DEL YI'),
(983,	'COSTA DE ILLESCAS'),
(984,	'BARRA SAUCE DE MANSAVILLAGRA'),
(985,	'SANTA CLARA'),
(986,	'CHILCAS'),
(987,	'LAS CHILCAS'),
(988,	'CHINGOLAS'),
(989,	'MANSAVILLAGRA'),
(990,	'ARTEAGA'),
(991,	'SAN PEDRO DE TIMOTE'),
(992,	'PIEDRA CAMPANA'),
(993,	'PUNTAS DE CHAMIZO'),
(994,	'PUNTAS DE LA ESCOBILLA'),
(995,	'COSTAS DEL AMARILLO'),
(996,	'VIGNOLI'),
(997,	'ARROYO LATORRE'),
(998,	'ARROYO CHAMIZO'),
(999,	'LA ESCOBILLA'),
(1000,	'PUNTAS DEL ARROYO LATORRE'),
(1001,	'COSTAS DEL SANTA LUCIA GRANDE'),
(1002,	'BARRA MOLLES DEL TIMOTE'),
(1003,	'COSTA DEL TALA'),
(1004,	'TALA DE CASTRO'),
(1005,	'DR. A. GALLINAL'),
(1006,	'MOLLES DEL TIMOTE'),
(1007,	'HERNANDARIAS'),
(1008,	'ESTACION PALERMO'),
(1009,	'PALERMO'),
(1010,	'PANTANOSO DE CASTRO'),
(1011,	'COLONIA ITALIA'),
(1012,	'ARROYO DE LOS NEGROS'),
(1013,	'TORNERO'),
(1014,	'SAN GERONIMO'),
(1015,	'TALITA'),
(1016,	'COSTA DE LA CRUZ'),
(1017,	'URIOSTE'),
(1018,	'COLONIA SANCHEZ'),
(1019,	'CERROS DE FLORIDA'),
(1020,	'SAN JUAN'),
(1021,	'COSTAS DE ARIAS'),
(1022,	'COSTAS DE CHAMIZO GRANDE'),
(1023,	'LAS PIEDRITAS'),
(1024,	'COSTA DE ARIAS'),
(1025,	'CHAMIZO CHICO'),
(1026,	'COSTAS DE CHAMIZO'),
(1027,	'RINCON DE LOS CAMILOS'),
(1028,	'SAUCE DE VILLANUEVA'),
(1029,	'CALLERI'),
(1030,	'COSTAS DE MACIEL'),
(1031,	'TALA DE MACIEL'),
(1032,	'LA CIMBRA'),
(1033,	'PIEDRAS COLORADAS'),
(1034,	'COSTA DE PARANA'),
(1035,	'PUNTAS DE SARANDI'),
(1036,	'CUCHILLA SANTO DOMINGO'),
(1037,	'VILLA HIPICA'),
(1038,	'SAUCE DE MACIEL'),
(1039,	'PUNTAS DE SAUCE DE MACIEL'),
(1040,	'CORRAL DE PIEDRA'),
(1041,	'CERRO DE LA MACANA'),
(1042,	'SANTA TERESA'),
(1043,	'VILLA VIEJA'),
(1044,	'COSTAS DEL PINTADO'),
(1045,	'PUNTAS DE CALLEROS'),
(1046,	'CHACRAS DE FLORIDA'),
(1047,	'JUNCAL'),
(1048,	'CHACRAS DEL PINTADO'),
(1049,	'PASO VELA'),
(1050,	'PASO DE LOS NOVILLOS'),
(1051,	'CANDIL'),
(1052,	'PASO CALLEROS'),
(1053,	'COSTAS DE SANTA LUCIA CHICO'),
(1054,	'RINCON DE VIGNOLI'),
(1055,	'ARROYO PELADO'),
(1056,	'PUENTE DE MENDOZA'),
(1057,	'AHOGADOS'),
(1058,	'PUNTAS DEL CORRAL DE PIEDRA'),
(1059,	'LA CORDOBESA'),
(1060,	'CUCHILLA DE VILLASBOAS'),
(1061,	'CHACRAS'),
(1062,	'CHACRAS DE BORGHI'),
(1063,	'VILLASBOAS'),
(1064,	'PUNTAS DE CHAMANGA'),
(1065,	'FERRIZO'),
(1066,	'TALAS DE MACIEL'),
(1067,	'COSTAS DE SAN JOSE'),
(1068,	'PUEBLO PINTOS'),
(1069,	'SAN GREGORIO DE FLORES'),
(1070,	'COSTAS DEL TALA'),
(1071,	'EL CORONILLA'),
(1072,	'MARINCHO'),
(1073,	'RINCON DEL PALACIO'),
(1074,	'EL TOTORAL'),
(1075,	'ARENAL GRANDE'),
(1076,	'COLONIA ALEMANA'),
(1077,	'PUNTAS DE MARINCHO'),
(1078,	'SARANDI'),
(1079,	'ARENAL CHICO'),
(1080,	'PUNTAS DE SARANDI'),
(1081,	'SANTA ADELAIDA'),
(1082,	'PUNTAS DEL SAUCE'),
(1083,	'LA GUARDIA'),
(1084,	'LA ALIANZA'),
(1085,	'PUNTAS DE SAN JOSE'),
(1086,	'VILLA PASTORA'),
(1087,	'PASO  DE LUGO'),
(1088,	'PASO HONDO'),
(1089,	'PASO DE MAS'),
(1090,	'CUCHILLA SECA'),
(1091,	'ARROYO DE LA VIRGEN'),
(1092,	'PUNTAS DE CAGANCHA'),
(1093,	'CUCHILLA DEL VICHADERO'),
(1094,	'RINCON DE ALBANO'),
(1095,	'PASO BELASTIQUI'),
(1096,	'COLONIA WILSON'),
(1097,	'TROPAS VIEJAS'),
(1098,	'PUNTAS DE CHAMIZO'),
(1099,	'MUNDO AZUL'),
(1100,	'MUNDO AZUL AGUIRRE'),
(1101,	'FAJARDO'),
(1102,	'CHAMIZO'),
(1103,	'PASO DEL REY'),
(1104,	'COSTAS DEL SAUCE'),
(1105,	'CORONILLA'),
(1106,	'TABAREZ'),
(1107,	'FAJINA'),
(1108,	'LA CASILLA'),
(1109,	'LAUREL'),
(1110,	'PASO DEL CARRETON'),
(1111,	'ARROYO LLANO'),
(1112,	'PACHINA'),
(1113,	'JESUS MARIA'),
(1114,	'PANTA'),
(1115,	'CRUZ DE LOS CAMINOS'),
(1116,	'PASO DE CAMES'),
(1117,	'RINCON DE ARIAS'),
(1118,	'CAGANCHA CHICO'),
(1119,	'TRANQUERA COLORADA'),
(1120,	'PERICO PEREZ'),
(1121,	'LA CUCHILLA'),
(1122,	'ZANJA HONDA'),
(1123,	'ROCHO'),
(1124,	'PUNTAS DE LAUREL'),
(1125,	'JUNCAL'),
(1126,	'CAGANCHA'),
(1127,	'RINCON DE LA TORRE'),
(1128,	'MINUANO Y SAUCE'),
(1129,	'TALA DE PEREIRA'),
(1130,	'PUNTAS DE GREGORIO'),
(1131,	'VALDEZ CHICO'),
(1132,	'SAUCE'),
(1133,	'SAUCE CHICO'),
(1134,	'COLONIA JUAN MARIA PEREZ'),
(1135,	'COSTA DEL MAURICIO'),
(1136,	'RINCON DE BUSCHENTAL'),
(1137,	'ORILLAS DEL PLATA'),
(1138,	'PUNTAS DE TROPA VIEJA'),
(1139,	'PASO DEL GUAYCURU'),
(1140,	'GUAYCURU'),
(1141,	'MAHOMA'),
(1142,	'PANTANOSO'),
(1143,	'COLONIA AMERICA'),
(1144,	'ESCUDERO'),
(1145,	'BELLA VISTA'),
(1146,	'PAVON'),
(1147,	'PICADA GAMBETTA'),
(1148,	'RINCON DE CUFRE'),
(1149,	'RINCON DE ARAZATI'),
(1150,	'COLONIA SAN JOAQUIN'),
(1151,	'PASO DE LAS PIEDRAS'),
(1152,	'COSTA DE ROSARIO'),
(1153,	'PASO DE LA QUINTA'),
(1154,	'CERROS NEGROS'),
(1155,	'BARRANCAS COLORADAS'),
(1156,	'CONCORDIA'),
(1157,	'COLONIA QUEVEDO'),
(1158,	'RESGUARDO CUFRE'),
(1159,	'BARRIO OLIMPICO'),
(1160,	'COLONIA ESPAOLA'),
(1161,	'COSTAS DE SAN JUAN'),
(1162,	'PUNTAS DE SAN JUAN'),
(1163,	'LAS CHISPAS'),
(1164,	'PASO BIRRIEL'),
(1165,	'PIEDRA CHATA'),
(1166,	'ZUNIN'),
(1167,	'COSTAS DE POLONIA'),
(1168,	'TRES ESQUINAS'),
(1169,	'MANANTIALES'),
(1170,	'TERMINAL'),
(1171,	'MEDIA AGUA'),
(1172,	'PASO MORLAN'),
(1173,	'PUNTAS DEL SAUCE'),
(1174,	'PUNTAS DE MELO'),
(1175,	'BARKER NORTE'),
(1176,	'COSTA DE COLLA AL ESTE'),
(1177,	'COSTA DEL NAVARRO'),
(1178,	'ROSARIO Y COLLA'),
(1179,	'COLONIA TALICE'),
(1180,	'COLONIA PEIRANO'),
(1181,	'PICADA DE BENITEZ'),
(1182,	'PUERTO ROSARIO'),
(1183,	'PUERTO CONCORDIA'),
(1184,	'RADIAL ROSARIO'),
(1185,	'PASO QUICHO'),
(1186,	'TOMAS BELL'),
(1187,	'VILLA PANCHA'),
(1188,	'RINCON DEL REY'),
(1189,	'BONJOUR'),
(1190,	'PIEDRAS BLANCAS'),
(1191,	'COLONIA SARANDI'),
(1192,	'MOLLES DE MIGUELETE'),
(1193,	'MIGUELETE DE CONCHILLAS'),
(1194,	'PUNTAS DE JUAN GONZALEZ'),
(1195,	'EL CUADRO'),
(1196,	'CERRO DE LAS ARMAS'),
(1197,	'PASO HOSPITAL'),
(1198,	'PASO HOSPITAL MANANTIALES'),
(1199,	'SAN LUIS SANCHEZ'),
(1200,	'MINAS DE NARANCIO'),
(1201,	'PATITAS'),
(1202,	'ESTACION ESTANZUELA'),
(1203,	'ESTACION EXPERIMENTAL \"LA ESTANZUELA\"'),
(1204,	'SAN PEDRO NORTE'),
(1205,	'PUNTAS DE SAN PEDRO'),
(1206,	'SAN PEDRO DE ARRIBA'),
(1207,	'PIEDRA DE LOS INDIOS'),
(1208,	'REDUCTO'),
(1209,	'QUINTON'),
(1210,	'PUNTAS DEL RIACHUELO'),
(1211,	'COSTA DE TARARIRAS'),
(1212,	'SAN LUIS DE TARARIRAS'),
(1213,	'SAN LUIS'),
(1214,	'SAN JUAN'),
(1215,	'PUERTO PLATERO'),
(1216,	'POLANCO'),
(1217,	'POLANCOS'),
(1218,	'LAS FLORES'),
(1219,	'EL CHILENO'),
(1220,	'VIBORAS Y VACAS'),
(1221,	'VIBORAS'),
(1222,	'COLONIA ARRUE'),
(1223,	'COSTA DE VACAS'),
(1224,	'COLONIA ESTRELLA'),
(1225,	'COSTAS DE JUAN GONZALEZ'),
(1226,	'JUAN GONZALEZ'),
(1227,	'SAN ROQUE'),
(1228,	'SARANDI CAMPANA'),
(1229,	'SANTA ROSA'),
(1230,	'MARTIN CHICO DE CONCHILLAS'),
(1231,	'BUENA HORA'),
(1232,	'MARTIN CHICO'),
(1233,	'PUNTA FRANCESA'),
(1234,	'BELGRANO NORTE'),
(1235,	'BELGRANO SUR'),
(1236,	'ARROYO GRANDE'),
(1237,	'MONZON'),
(1238,	'CERRO VERA'),
(1239,	'PROGRESO'),
(1240,	'PUNTAS DEL TALA'),
(1241,	'LA LAGUNA'),
(1242,	'DURAZNITO'),
(1243,	'COLONIA SANTA CLARA'),
(1244,	'COSTAS DEL PERDIDO'),
(1245,	'PUNTAS DE DURAZNO'),
(1246,	'PARADA SUAREZ'),
(1247,	'BAJOS DEL PERDIDO'),
(1248,	'ALTOS DEL PERDIDO'),
(1249,	'ZANJA HONDA'),
(1250,	'CUEVA DEL TIGRE'),
(1251,	'PUNTAS DE SAN SALVADOR'),
(1252,	'LATA DEL PERDIDO'),
(1253,	'RINCON DE COLOLO'),
(1254,	'SAN DIOS'),
(1255,	'UNIDAD COOPERARIA No 1'),
(1256,	'LA TABLA'),
(1257,	'COLOLO'),
(1258,	'SARANDI CHICO'),
(1259,	'GRITO DE ASENCIO'),
(1260,	'GARULA'),
(1261,	'COQUIMBO'),
(1262,	'PEDRO CHICO'),
(1263,	'EL AGUILA'),
(1264,	'OLIVERA'),
(1265,	'COLONIA URUGUAYA'),
(1266,	'CORRALITO'),
(1267,	'CUCHILLA DEL CORRALITO'),
(1268,	'MACIEL'),
(1269,	'SAN MARTIN'),
(1270,	'ARROYO DEL MEDIO'),
(1271,	'BEQUELO'),
(1272,	'SANTA BLANCA'),
(1273,	'CHACRAS DE MERCEDES'),
(1274,	'ASENCIO'),
(1275,	'COLONIA DIAZ'),
(1276,	'CERRO ALEGRE'),
(1277,	'LAS MAULAS'),
(1278,	'BIZCOCHO'),
(1279,	'ESPINILLO'),
(1280,	'PASO DE LA ARENA'),
(1281,	'PASO DE RAMOS'),
(1282,	'COSTA DEL AGUILA'),
(1283,	'CUATRO BOCAS DE BUENA VISTA'),
(1284,	'ARENAL CHICO'),
(1285,	'PUNTAS DE ARENALES'),
(1286,	'LA PALMA'),
(1287,	'CAADA PARAGUAYA'),
(1288,	'BUENA VISTA'),
(1289,	'VILLA ALEJANDRINA'),
(1290,	'PUNTAS DE AVERIAS'),
(1291,	'SANTA ROSA'),
(1292,	'ESTACION FRANCIA'),
(1293,	'LA CORONILLA'),
(1294,	'PASO DE SOCA'),
(1295,	'LA PALMA'),
(1296,	'PALMAR GRANDE'),
(1297,	'SARANDI'),
(1298,	'ROLON'),
(1299,	'PASO DE BALBUENA'),
(1300,	'PAURU'),
(1301,	'EL PROGRESO'),
(1302,	'LAS FLORES'),
(1303,	'MOLLES DE PORRUA'),
(1304,	'EL SURCO'),
(1305,	'LA ARENA'),
(1306,	'PASO RAMIREZ'),
(1307,	'VALLE DE SOBA'),
(1308,	'PASO DE LEOPOLDO'),
(1309,	'DON ESTEBAN'),
(1310,	'MATAOJO'),
(1311,	'SANTA ISABEL'),
(1312,	'PASO DE LOS COBRES'),
(1313,	'ULESTE'),
(1314,	'LA FLORIDA'),
(1315,	'ARROYO NEGRO'),
(1316,	'TRES BOCAS'),
(1317,	'SANCHEZ'),
(1318,	'LA UNION'),
(1319,	'SANCHEZ CHICO'),
(1320,	'SAUCE'),
(1321,	'ESTANCIA VICHADERO'),
(1322,	'EL ABROJAL'),
(1323,	'SANTA ELISA'),
(1324,	'SAN LORENZO'),
(1325,	'YAGUARETE'),
(1326,	'OMBUCITOS'),
(1327,	'LAS FRACCIONES'),
(1328,	'LAS MARGARITAS'),
(1329,	'CARACOLES'),
(1330,	'LOS RANCHOS'),
(1331,	'COLONIA JUNCAL'),
(1332,	'PERICO MORENO'),
(1333,	'TRES BOCAS'),
(1334,	'PUNTAS DE BURICAYUPI'),
(1335,	'GUALEGUAY'),
(1336,	'PUNTAS DE GUALEGUAY'),
(1337,	'SAUCE DEL BURICAYUPI'),
(1338,	'EL CHACO'),
(1339,	'EL HORNO'),
(1340,	'PASO DE LOS CARROS'),
(1341,	'EL TARUGO'),
(1342,	'QUEGUAY GRANDE'),
(1343,	'COLONIA URUGUAYA'),
(1344,	'GUAYABOS'),
(1345,	'PARADA PANDULE'),
(1346,	'EL DURAZNAL'),
(1347,	'PUNTAS DE BACACUA'),
(1348,	'LAS FLORES'),
(1349,	'ARROYO NEGRO'),
(1350,	'TOMAS PAZ'),
(1351,	'SAN MAURICIO'),
(1352,	'RINCON DEL INDIO'),
(1353,	'PARADA DAYMAN'),
(1354,	'GUAYUVIRA'),
(1355,	'GUYUBIRA'),
(1356,	'PARADA RIVAS'),
(1357,	'COLONIA SANTA BLANCA'),
(1358,	'SANTA KILDA'),
(1359,	'CARUMBE'),
(1360,	'PALMAR DEL QUEBRACHO'),
(1361,	'GUAVIYU DE QUEBRACHO'),
(1362,	'SAUCE DEL QUEGUAY'),
(1363,	'SAUCE DE ABAJO'),
(1364,	'VALDIVIA'),
(1365,	'PUNTAS DE LAS ISLETAS'),
(1366,	'ETCHEMENDI'),
(1367,	'VALDEZ'),
(1368,	'ARROYO MALO'),
(1369,	'COLONIA ARROYO MALO'),
(1370,	'PUNTAS DE CANGUE'),
(1371,	'LAS PALMAS'),
(1372,	'COSTA DE SACRA'),
(1373,	'SAN FRANCISCO'),
(1374,	'COLONIA PAYSANDU'),
(1375,	'COLONIA CANGUE'),
(1376,	'SAN MIGUEL'),
(1377,	'RABON'),
(1378,	'CORRAL DE PIEDRA'),
(1379,	'LOS ORIENTALES'),
(1380,	'ZANJA DEL TIGRE'),
(1381,	'CERRO CHATO'),
(1382,	'TORO NEGRO'),
(1383,	'PASO DEL POTRERO'),
(1384,	'CARUMBE'),
(1385,	'CERRILLADA'),
(1386,	'PASO DEL TAPADO'),
(1387,	'BORDENAVE'),
(1388,	'PASO NUEVO DEL ARAPEY'),
(1389,	'MATAOJO GRANDE'),
(1390,	'FERREIRA'),
(1391,	'LA BOLSA 03'),
(1392,	'ZANJA DE ALCAIN'),
(1393,	'VALENTIN GRANDE'),
(1394,	'LA BOLSA 02'),
(1395,	'PASO FIALHO'),
(1396,	'SAUCE CHICO'),
(1397,	'EL MELLADO'),
(1398,	'PIEDRA PINTADA'),
(1399,	'PUEBLO FARIAS'),
(1400,	'CERRILLADAS DE SAUCEDO'),
(1401,	'TALAS DE ITAPEBI'),
(1402,	'LA VITICOLA'),
(1403,	'TROPIEZO'),
(1404,	'PARADA HERRERIA'),
(1405,	'TROPEZON'),
(1406,	'EL ESPINILLAR'),
(1407,	'CHACRAS DE CONSTITUCION'),
(1408,	'ITAPEBI'),
(1409,	'NUEVA HESPERIDES'),
(1410,	'CORRALITO'),
(1411,	'CHIFLERO'),
(1412,	'PINTADO'),
(1413,	'COLONIA PINTADO'),
(1414,	'ESTIBA'),
(1415,	'TAMANDUA'),
(1416,	'PINTADO GRANDE'),
(1417,	'CATALAN VOLCAN'),
(1418,	'CATALAN GRANDE'),
(1419,	'MENESES'),
(1420,	'PASO DE RAMOS'),
(1421,	'TARUMAN'),
(1422,	'ZANJA ARUERA'),
(1423,	'SARANDI DE CUARO'),
(1424,	'PAGUERO'),
(1425,	'FAGUNDEZ'),
(1426,	'PASO DE LEON'),
(1427,	'CERRITO'),
(1428,	'COLONIA ESTRELLA'),
(1429,	'PALMA SOLA'),
(1430,	'LENGUAZO'),
(1431,	'SARANDI DE YACUY'),
(1432,	'PAREDON'),
(1433,	'VILLA JUANITA'),
(1434,	'EL CEIBO'),
(1435,	'PASO DE FRONTERA'),
(1436,	'PASO DEL PUERTO'),
(1437,	'EL PALMITO'),
(1438,	'ZANJA HONDA'),
(1439,	'PASO DE ARRIERA'),
(1440,	'PUEBLO DE LOS SANTOS'),
(1441,	'LA CHILCA'),
(1442,	'VILLA INDART'),
(1443,	'CRUZ DE SAN PEDRO'),
(1444,	'YAGUARI'),
(1445,	'GUAVIYU'),
(1446,	'LA CAILLAVA'),
(1447,	'RINCON DE RODRIGUEZ'),
(1448,	'RINCON DE AMARILLO'),
(1449,	'RINCON DE YAGUARI'),
(1450,	'LA CERRILLADA'),
(1451,	'CERROS BLANCOS'),
(1452,	'CHIRCA DE CARAGUATA'),
(1453,	'PUNTAS DE ABROJAL'),
(1454,	'CERRO CHATO'),
(1455,	'ABROJAL'),
(1456,	'PUEBLO SOCORRO'),
(1457,	'CARAGUATA'),
(1458,	'ALBORADA'),
(1459,	'CORONILLA'),
(1460,	'PUNTAS DEL YAGUARI'),
(1461,	'CUCHILLA MANGUERAS'),
(1462,	'TRES PUENTES'),
(1463,	'BERRUTI'),
(1464,	'SEGARRA'),
(1465,	'CORONILLA DE CORRALES'),
(1466,	'CERRO PELADO AL ESTE'),
(1467,	'BLANQUILLOS'),
(1468,	'PASO AMARILLO'),
(1469,	'MINAS DE ZAPUCAY'),
(1470,	'LAURELES'),
(1471,	'BUENA ORDEN AL NORTE'),
(1472,	'CUCHILLA DE YAGUARI'),
(1473,	'CURTUME'),
(1474,	'BATOVI'),
(1475,	'CAPON ALTO'),
(1476,	'ATAQUES'),
(1477,	'PASO DEL TAPADO'),
(1478,	'PUNTAS DE CORRALES'),
(1479,	'PASO DE LA CALERA'),
(1480,	'PASO DE GAIRE'),
(1481,	'RINCON DE DINIZ'),
(1482,	'RINCON DE ROLAND'),
(1483,	'SANTA ERNESTINA'),
(1484,	'COSTAS DE CUAPIRU'),
(1485,	'MINAS DE CUAPIRU (USINAS)'),
(1486,	'TRES CERROS'),
(1487,	'SAN GREGORIO'),
(1488,	'RINCON DE LOS CASTILLOS'),
(1489,	'RINCON DE TRES CERROS'),
(1490,	'CERRO CHAPEU'),
(1491,	'CERRO CAQUEIRO'),
(1492,	'PLATON'),
(1493,	'CURTICEIRAS'),
(1494,	'CUCHILLA DE TRES CERROS'),
(1495,	'PUNTAS DE CUAPIRU'),
(1496,	'PASO DE ATAQUES'),
(1497,	'LOS POTREROS'),
(1498,	'RINCON DE MORAES'),
(1499,	'PARADA MEDINA'),
(1500,	'CERRO SOLITO'),
(1501,	'OTRA CIUDAD')
ON DUPLICATE KEY UPDATE `id` = VALUES(`id`), `ciudad` = VALUES(`ciudad`);

INSERT INTO `cliente` (`id`, `creada`, `creador_id`, `eliminada`, `eliminador_id`, `modificada`, `modificador_id`, `direccion`, `email`, `identificacion`, `nombre`, `notas`, `telefono`) VALUES
(1,	'2023-11-14 08:28:02.732760',	3,	NULL,	NULL,	NULL,	NULL,	'Su casa 1234',	'javier@milei.com',	'Loco123',	'Milei Javier',	'Candidato a presidente y comprador de vaquillonas',	'789789789'),
(2,	'2023-11-14 08:29:07.618737',	3,	NULL,	NULL,	NULL,	NULL,	'Siempre Viva 5678',	'roberto@massa.com',	'Trucho1234',	'Massa Roberto',	'Candidato a presidente y comprador de vacas',	'456456456'),
(3,	'2023-11-14 23:16:53.045390',	2,	NULL,	NULL,	'2023-11-14 14:54:26.772135',	3,	'Perdio 6546',	'pato@bullrich.com',	'Facha654',	'Bullrich Patricia',	'Candidata a presidente y compradora de novillo',	'951753123'),
(4,	'2023-11-14 08:30:59.707658',	3,	NULL,	NULL,	NULL,	NULL,	'Cordoba 555',	'juan@schiaretti.com',	'Fernet1222',	'Schiaretti Juan',	'Candidato a presidente y comprador de ovejas',	'9996665555')
ON DUPLICATE KEY UPDATE `id` = VALUES(`id`), `creada` = VALUES(`creada`), `creador_id` = VALUES(`creador_id`), `eliminada` = VALUES(`eliminada`), `eliminador_id` = VALUES(`eliminador_id`), `modificada` = VALUES(`modificada`), `modificador_id` = VALUES(`modificador_id`), `direccion` = VALUES(`direccion`), `email` = VALUES(`email`), `identificacion` = VALUES(`identificacion`), `nombre` = VALUES(`nombre`), `notas` = VALUES(`notas`), `telefono` = VALUES(`telefono`);




INSERT INTO `conductor` (`id`, `creada`, `creador_id`, `eliminada`, `eliminador_id`, `modificada`, `modificador_id`, `direccion`, `email`, `identificacion`, `nombre`, `notas`, `telefono`, `licencia_id`) VALUES
(1,	'2023-11-15 10:23:59.000000',	3,	NULL,	NULL,	'2023-11-15 10:38:27.403484',	3,	'Brasil 123',	'ayr@sen.com',	'as123',	'Senna Ayrton',	'Se hizo pelota corriendo',	'12344443',	NULL),
(2,	'2023-11-15 10:39:16.484393',	3,	NULL,	NULL,	NULL,	NULL,	'Alemania 123',	'schumy@err.com',	'scu123',	'Schumacher Mikhael',	'Se hizo pelota boludenado',	'123123123',	NULL),
(3,	'2023-11-15 10:39:56.000000',	3,	NULL,	NULL,	'2023-11-15 10:40:06.443937',	3,	'Argentina 123',	'fan@gio.com',	'juan123',	'Fangio Juan Manuel',	'No se hizo pelota nunca',	'111443242342',	NULL),
(4,	'2023-11-15 10:41:10.518262',	3,	NULL,	NULL,	NULL,	NULL,	'Escocia 123',	'col@nac.com',	'asfa213',	'Mcrae Colin',	'No se si manejaba algo, hicieron un juego con su nombre',	'1231254',	NULL)
ON DUPLICATE KEY UPDATE `id` = VALUES(`id`), `creada` = VALUES(`creada`), `creador_id` = VALUES(`creador_id`), `eliminada` = VALUES(`eliminada`), `eliminador_id` = VALUES(`eliminador_id`), `modificada` = VALUES(`modificada`), `modificador_id` = VALUES(`modificador_id`), `direccion` = VALUES(`direccion`), `email` = VALUES(`email`), `identificacion` = VALUES(`identificacion`), `nombre` = VALUES(`nombre`), `notas` = VALUES(`notas`), `telefono` = VALUES(`telefono`), `licencia_id` = VALUES(`licencia_id`);

INSERT INTO `direccion` (`id`, `creada`, `creador_id`, `eliminada`, `eliminador_id`, `modificada`, `modificador_id`, `ciudad`, `direccion`, `nombre`, `notas`) VALUES
(1,	'2023-11-14 08:33:30.375281',	3,	NULL,	NULL,	NULL,	NULL,	'Faro Jose Ignacio',	'Las dunas 1234',	'Deposito 1 de Massa',	'Aca le llevamos las vacas'),
(2,	'2023-11-14 08:34:13.847614',	3,	NULL,	NULL,	NULL,	NULL,	'Playa Hermosa',	'Otra duna 444',	'Deposito 2 de Massa',	'Aca le llevamos los novillos'),
(3,	'2023-11-14 08:34:55.656877',	3,	NULL,	NULL,	NULL,	NULL,	'Los Ranchos',	'Ruta 1 km 200',	'Rancho 1 de Milei',	'Aca le llevamos los toros'),
(4,	'2023-11-14 08:35:49.683547',	3,	NULL,	NULL,	NULL,	NULL,	'Chileno Grande (aguero)',	'Oroño 3333',	'Granja 2 de Milei',	'Aca le llevamos los corderos'),
(5,	'2023-11-14 08:36:56.960443',	3,	NULL,	NULL,	NULL,	NULL,	'Montevideo Chico',	'Montevideo????',	'Casa 1 de Bullrich',	'Aca le dejamos las vacas a Patricia en el centro de montevideo '),
(6,	'2023-11-14 08:37:40.212399',	3,	NULL,	NULL,	NULL,	NULL,	'Paysandu',	'Es el nuevo o el viejo',	'Casa 2 de Bullrich',	'Aca le dejamos los toros a Patricia en el centro de Paysandu '),
(7,	NULL,	NULL,	NULL,	NULL,	'2023-11-14 15:28:17.488996',	3,	'Otra Ciudad',	'Sin direccion 1234',	'Matadero de Schiaretti',	'Aca le llevamos los animales al cordobes p')
ON DUPLICATE KEY UPDATE `id` = VALUES(`id`), `creada` = VALUES(`creada`), `creador_id` = VALUES(`creador_id`), `eliminada` = VALUES(`eliminada`), `eliminador_id` = VALUES(`eliminador_id`), `modificada` = VALUES(`modificada`), `modificador_id` = VALUES(`modificador_id`), `ciudad` = VALUES(`ciudad`), `direccion` = VALUES(`direccion`), `nombre` = VALUES(`nombre`), `notas` = VALUES(`notas`);


INSERT INTO `evento` (`id`, `creada`, `creador_id`, `eliminada`, `eliminador_id`, `modificada`, `modificador_id`, `descripcion`, `fecha`, `habilitada`, `nombre`, `recordatorio`) VALUES
(1,	'2023-11-14 09:20:56.178608',	3,	NULL,	NULL,	NULL,	NULL,	'Presupuesto para Bullrich Patricia',	'2023-11-29 00:00:00.000000',	NULL,	'Presupuesto',	NULL),
(2,	'2023-11-14 09:52:52.370360',	3,	NULL,	NULL,	NULL,	NULL,	'Presupuesto para Milei Javier',	'2023-12-21 00:00:00.000000',	NULL,	'Presupuesto',	NULL),
(3,	'2023-11-14 09:53:52.146854',	3,	NULL,	NULL,	NULL,	NULL,	'Presupuesto para Massa Roberto',	'2024-01-19 00:00:00.000000',	NULL,	'Presupuesto',	NULL),
(4,	'2023-11-14 11:12:46.522055',	3,	NULL,	NULL,	NULL,	NULL,	'Presupuesto para Massa Roberto',	'2024-01-19 00:00:00.000000',	NULL,	'Presupuesto',	NULL),
(5,	'2023-11-14 11:13:38.191836',	3,	NULL,	NULL,	NULL,	NULL,	'Presupuesto para Milei Javier',	'2023-12-21 00:00:00.000000',	NULL,	'Presupuesto',	NULL),
(6,	'2023-11-14 11:14:19.003439',	3,	NULL,	NULL,	NULL,	NULL,	'Presupuesto para Massa Roberto',	'2024-01-19 00:00:00.000000',	NULL,	'Presupuesto',	NULL),
(7,	'2023-11-14 15:39:16.129205',	3,	NULL,	NULL,	NULL,	NULL,	'Presupuesto para Massa Roberto',	'2024-01-19 00:00:00.000000',	NULL,	'Presupuesto',	NULL),
(8,	'2023-11-14 15:43:46.154787',	3,	NULL,	NULL,	NULL,	NULL,	'Presupuesto para Bullrich Patricia',	'2023-11-29 00:00:00.000000',	NULL,	'Presupuesto',	NULL),
(9,	'2023-11-14 15:46:38.209565',	3,	NULL,	NULL,	NULL,	NULL,	'Presupuesto para Bullrich Patricia',	'2023-11-29 00:00:00.000000',	NULL,	'Presupuesto',	NULL),
(10,	'2023-11-14 15:52:17.354034',	3,	NULL,	NULL,	NULL,	NULL,	'Presupuesto para Bullrich Patricia',	'2023-11-29 00:00:00.000000',	NULL,	'Presupuesto',	NULL),
(11,	'2023-11-14 15:54:33.076161',	3,	NULL,	NULL,	NULL,	NULL,	'Presupuesto para Massa Roberto',	'2024-01-19 00:00:00.000000',	NULL,	'Presupuesto',	NULL),
(12,	'2023-11-14 23:51:10.552529',	3,	NULL,	NULL,	NULL,	NULL,	'Seguro para MERCEDES BENZ AXOR 1933',	'2024-01-25 00:00:00.000000',	NULL,	'Presupuesto',	NULL),
(13,	'2023-11-15 00:09:04.085048',	3,	NULL,	NULL,	NULL,	NULL,	'Seguro para Sola y Brusa 2 ejes',	'2025-01-16 00:00:00.000000',	NULL,	'Presupuesto',	NULL),
(14,	'2023-11-15 00:09:36.865797',	3,	NULL,	NULL,	NULL,	NULL,	'Seguro para Gross Jaula',	'2023-11-01 00:00:00.000000',	NULL,	'Presupuesto',	NULL),
(15,	'2023-11-15 00:10:12.064963',	3,	NULL,	NULL,	NULL,	NULL,	'Seguro para Mercedes-Benz 1518 TURBO 180hp.',	'2000-11-01 00:00:00.000000',	NULL,	'Presupuesto',	NULL),
(16,	'2023-11-15 12:07:31.124225',	3,	NULL,	NULL,	NULL,	NULL,	'Viaje para Massa Roberto',	'2023-11-10 00:00:00.000000',	NULL,	'Viaje',	NULL),
(17,	'2023-11-15 12:08:13.946210',	3,	NULL,	NULL,	NULL,	NULL,	'Viaje para Massa Roberto',	'2023-11-10 00:00:00.000000',	NULL,	'Viaje',	NULL),
(18,	'2023-11-15 12:14:53.542743',	3,	NULL,	NULL,	NULL,	NULL,	'Viaje para Milei Javier',	'2023-11-17 00:00:00.000000',	NULL,	'Viaje',	NULL),
(19,	'2023-11-15 12:25:17.774200',	3,	NULL,	NULL,	NULL,	NULL,	'Viaje para Bullrich Patricia',	'2022-11-01 00:00:00.000000',	NULL,	'Viaje',	NULL)
ON DUPLICATE KEY UPDATE `id` = VALUES(`id`), `creada` = VALUES(`creada`), `creador_id` = VALUES(`creador_id`), `eliminada` = VALUES(`eliminada`), `eliminador_id` = VALUES(`eliminador_id`), `modificada` = VALUES(`modificada`), `modificador_id` = VALUES(`modificador_id`), `descripcion` = VALUES(`descripcion`), `fecha` = VALUES(`fecha`), `habilitada` = VALUES(`habilitada`), `nombre` = VALUES(`nombre`), `recordatorio` = VALUES(`recordatorio`);



INSERT INTO `ingreso` (`id`, `creada`, `creador_id`, `eliminada`, `eliminador_id`, `modificada`, `modificador_id`, `asn`, `city`, `country_flag`, `country_name`, `district`, `hostname`, `ip`, `isp`, `logueado`, `organization`, `state_prov`, `username`, `zipcode`) VALUES
(1,	'2023-11-14 08:01:39.631265',	3,	NULL,	NULL,	NULL,	NULL,	NULL,	'Buenos Aires City',	'https://ipgeolocation.io/static/flags/ar_64.png',	'Argentina',	'',	NULL,	'190.183.171.64',	'Gigared S.A.',	CONV('1', 2, 10) + 0,	'Gigared S.A.',	'Buenos Aires Autonomous City',	'admin@helios.com',	'1427'),
(2,	'2023-11-14 14:10:40.205989',	3,	NULL,	NULL,	NULL,	NULL,	NULL,	'Buenos Aires City',	'https://ipgeolocation.io/static/flags/ar_64.png',	'Argentina',	'',	NULL,	'190.183.171.64',	'Gigared S.A.',	CONV('1', 2, 10) + 0,	'Gigared S.A.',	'Buenos Aires Autonomous City',	'admin@helios.com',	'1427'),
(3,	'2023-11-14 21:13:44.905646',	3,	NULL,	NULL,	NULL,	NULL,	NULL,	'Buenos Aires City',	'https://ipgeolocation.io/static/flags/ar_64.png',	'Argentina',	'',	NULL,	'190.183.171.64',	'Gigared S.A.',	CONV('1', 2, 10) + 0,	'Gigared S.A.',	'Buenos Aires Autonomous City',	'admin@helios.com',	'1427'),
(4,	'2023-11-14 21:22:21.804547',	3,	NULL,	NULL,	NULL,	NULL,	NULL,	'Buenos Aires City',	'https://ipgeolocation.io/static/flags/ar_64.png',	'Argentina',	'',	NULL,	'190.183.171.64',	'Gigared S.A.',	CONV('1', 2, 10) + 0,	'Gigared S.A.',	'Buenos Aires Autonomous City',	'admin@helios.com',	'1427'),
(5,	'2023-11-14 22:50:55.921388',	3,	NULL,	NULL,	NULL,	NULL,	NULL,	'Buenos Aires City',	'https://ipgeolocation.io/static/flags/ar_64.png',	'Argentina',	'',	NULL,	'190.183.171.64',	'Gigared S.A.',	CONV('1', 2, 10) + 0,	'Gigared S.A.',	'Buenos Aires Autonomous City',	'admin@helios.com',	'1427'),
(6,	'2023-11-15 08:54:47.651345',	3,	NULL,	NULL,	NULL,	NULL,	NULL,	'Buenos Aires City',	'https://ipgeolocation.io/static/flags/ar_64.png',	'Argentina',	'',	NULL,	'190.183.212.66',	'Municipalidad de Crespo',	CONV('1', 2, 10) + 0,	'Gigared S.A.',	'Buenos Aires Autonomous City',	'admin@helios.com',	'1427'),
(7,	'2023-11-15 10:14:08.862288',	3,	NULL,	NULL,	NULL,	NULL,	NULL,	'Buenos Aires City',	'https://ipgeolocation.io/static/flags/ar_64.png',	'Argentina',	'',	NULL,	'190.183.212.66',	'Municipalidad de Crespo',	CONV('1', 2, 10) + 0,	'Gigared S.A.',	'Buenos Aires Autonomous City',	'admin@helios.com',	'1427')
ON DUPLICATE KEY UPDATE `id` = VALUES(`id`), `creada` = VALUES(`creada`), `creador_id` = VALUES(`creador_id`), `eliminada` = VALUES(`eliminada`), `eliminador_id` = VALUES(`eliminador_id`), `modificada` = VALUES(`modificada`), `modificador_id` = VALUES(`modificador_id`), `asn` = VALUES(`asn`), `city` = VALUES(`city`), `country_flag` = VALUES(`country_flag`), `country_name` = VALUES(`country_name`), `district` = VALUES(`district`), `hostname` = VALUES(`hostname`), `ip` = VALUES(`ip`), `isp` = VALUES(`isp`), `logueado` = VALUES(`logueado`), `organization` = VALUES(`organization`), `state_prov` = VALUES(`state_prov`), `username` = VALUES(`username`), `zipcode` = VALUES(`zipcode`);






INSERT INTO `presupuesto` (`id`, `creada`, `creador_id`, `eliminada`, `eliminador_id`, `modificada`, `modificador_id`, `cantidad_transportada`, `categoria_viaje_id`, `comprador_id`, `destino_id`, `fecha_id`, `km_cargado`, `notas`, `origen_id`, `valor_km`, `validez`) VALUES
(1,	'2023-11-14 23:16:53.045390',	3,	NULL,	NULL,	'2023-11-14 15:52:35.976705',	3,	4417,	4,	3,	7,	10,	3333,	'Un presupuesto',	1,	1200,	12),
(2,	'2023-11-14 11:13:38.211066',	3,	NULL,	NULL,	'2023-11-14 11:13:38.211066',	3,	122,	8,	1,	3,	5,	222,	'Otro presepuesto',	6,	1211,	12),
(3,	'2023-11-14 09:53:52.174036',	3,	NULL,	NULL,	NULL,	NULL,	111,	2,	2,	2,	3,	422,	'Y ahora',	1,	1121,	21),
(4,	'2023-11-14 23:16:53.045390',	3,	NULL,	NULL,	'2023-11-14 15:57:29.418685',	3,	111,	2,	2,	2,	11,	422,	'Y ahora copia',	1,	1121,	21)
ON DUPLICATE KEY UPDATE `id` = VALUES(`id`), `creada` = VALUES(`creada`), `creador_id` = VALUES(`creador_id`), `eliminada` = VALUES(`eliminada`), `eliminador_id` = VALUES(`eliminador_id`), `modificada` = VALUES(`modificada`), `modificador_id` = VALUES(`modificador_id`), `cantidad_transportada` = VALUES(`cantidad_transportada`), `categoria_viaje_id` = VALUES(`categoria_viaje_id`), `comprador_id` = VALUES(`comprador_id`), `destino_id` = VALUES(`destino_id`), `fecha_id` = VALUES(`fecha_id`), `km_cargado` = VALUES(`km_cargado`), `notas` = VALUES(`notas`), `origen_id` = VALUES(`origen_id`), `valor_km` = VALUES(`valor_km`), `validez` = VALUES(`validez`);

INSERT INTO `proveedor` (`id`, `creada`, `creador_id`, `eliminada`, `eliminador_id`, `modificada`, `modificador_id`, `direccion`, `email`, `identificacion`, `nombre`, `notas`, `telefono`) VALUES
(1,	'2023-11-14 23:16:53.045390',	2,	NULL,	NULL,	'2023-11-14 15:38:14.049626',	3,	'Concepcion del Uruguay - Alamos 1234',	'rus@seguros.com',	'rusrus1234',	'Rio Uruguay Seguros',	'Seguros en Argentina',	'123456789'),
(2,	'2023-11-14 08:50:05.613053',	3,	NULL,	NULL,	NULL,	NULL,	'Monte 1234',	'monte@monte.com',	'monte1234',	'Seguros Montevideo',	'Seguros en Uruguay',	'999666555'),
(3,	'2023-11-14 08:51:06.748368',	3,	NULL,	NULL,	NULL,	NULL,	'China 88854',	'lachonchi@chichina.com',	'con123',	'Neumaticos La Conchinchina',	'Compra de neumaticos en Argentina',	'885555411'),
(4,	'2023-11-14 08:52:01.843870',	3,	NULL,	NULL,	NULL,	NULL,	'Paysandu, Calle s/n',	'fure@stone.com',	'urugoma1234',	'Neumaticos Firestone',	'Neumaticos en Uruguay',	'555222155'),
(5,	'2023-11-14 08:53:23.745191',	3,	NULL,	NULL,	NULL,	NULL,	'Paysandu, Montevideo y Colonia',	'la@pocho.com',	'cadena1234',	'Estaciones de Servicios La Pochola',	'Cadena de estacion de servicio para cargar combustible en uruguay',	'99988855554'),
(6,	'2023-11-14 23:16:53.045390',	3,	NULL,	NULL,	'2023-11-14 15:37:35.528916',	3,	'Colon y gualeguychu',	'esso@shell.com',	'ess222',	'Estaciones argentinas',	'Estaciones de servicio en Argentina a color',	'1231233333')
ON DUPLICATE KEY UPDATE `id` = VALUES(`id`), `creada` = VALUES(`creada`), `creador_id` = VALUES(`creador_id`), `eliminada` = VALUES(`eliminada`), `eliminador_id` = VALUES(`eliminador_id`), `modificada` = VALUES(`modificada`), `modificador_id` = VALUES(`modificador_id`), `direccion` = VALUES(`direccion`), `email` = VALUES(`email`), `identificacion` = VALUES(`identificacion`), `nombre` = VALUES(`nombre`), `notas` = VALUES(`notas`), `telefono` = VALUES(`telefono`);



INSERT INTO `rol` (`id`, `rol`) VALUES
(1,	0),
(2,	1),
(3,	2)
ON DUPLICATE KEY UPDATE `id` = VALUES(`id`), `rol` = VALUES(`rol`);

INSERT INTO `rol_usuario` (`usuario_id`, `rol_id`) VALUES
(1,	1),
(2,	1),
(3,	1),
(4,	1),
(2,	2),
(3,	2),
(4,	2),
(3,	3),
(4,	3)
ON DUPLICATE KEY UPDATE `usuario_id` = VALUES(`usuario_id`), `rol_id` = VALUES(`rol_id`);

INSERT INTO `seguro` (`id`, `creada`, `creador_id`, `eliminada`, `eliminador_id`, `modificada`, `modificador_id`, `acoplado_id`, `aseguradora_id`, `camion_id`, `notas`, `vencimiento_id`) VALUES
(1,	'2023-11-14 23:51:10.581382',	3,	NULL,	NULL,	NULL,	NULL,	NULL,	1,	1,	NULL,	12),
(2,	'2023-11-15 00:09:04.154034',	3,	NULL,	NULL,	NULL,	NULL,	1,	3,	NULL,	NULL,	13),
(3,	'2023-11-15 00:09:36.892035',	3,	NULL,	NULL,	NULL,	NULL,	3,	5,	NULL,	NULL,	14),
(4,	'2023-11-15 00:10:12.099194',	3,	NULL,	NULL,	NULL,	NULL,	NULL,	4,	4,	NULL,	15)
ON DUPLICATE KEY UPDATE `id` = VALUES(`id`), `creada` = VALUES(`creada`), `creador_id` = VALUES(`creador_id`), `eliminada` = VALUES(`eliminada`), `eliminador_id` = VALUES(`eliminador_id`), `modificada` = VALUES(`modificada`), `modificador_id` = VALUES(`modificador_id`), `acoplado_id` = VALUES(`acoplado_id`), `aseguradora_id` = VALUES(`aseguradora_id`), `camion_id` = VALUES(`camion_id`), `notas` = VALUES(`notas`), `vencimiento_id` = VALUES(`vencimiento_id`);


INSERT INTO `token` (`id`, `expirado`, `revocado`, `tipo_token`, `token`, `usuario_id`) VALUES
(1,	CONV('1', 2, 10) + 0,	CONV('1', 2, 10) + 0,	'BEARER',	'eyJhbGciOiJIUzI1NiJ9.eyJDQVJHQSI6dHJ1ZSwiQURNSU4iOnRydWUsIlVTVUFSSU8iOnRydWUsInN1YiI6ImFkbWluQGhlbGlvcy5jb20iLCJpYXQiOjE2OTk5NTk2OTksImV4cCI6MTcwMDU2NDQ5OX0.VsHVQqGBFsj-adeg5F1sEFiRTav0QnNb5m29lduQqJE',	3),
(2,	CONV('1', 2, 10) + 0,	CONV('1', 2, 10) + 0,	'BEARER',	'eyJhbGciOiJIUzI1NiJ9.eyJDQVJHQSI6dHJ1ZSwiQURNSU4iOnRydWUsIlVTVUFSSU8iOnRydWUsInN1YiI6InBvc3RtYW5AaGVsaW9zLmNvbSIsImlhdCI6MTY5OTk4MTUyMSwiZXhwIjoxNzAwNTg2MzIxfQ.NSHpEZkM8Bmsj2XbgxAg_nuV8X_ouw5MfCNMuQ055-w',	4),
(3,	CONV('1', 2, 10) + 0,	CONV('1', 2, 10) + 0,	'BEARER',	'eyJhbGciOiJIUzI1NiJ9.eyJDQVJHQSI6dHJ1ZSwiQURNSU4iOnRydWUsIlVTVUFSSU8iOnRydWUsInN1YiI6ImFkbWluQGhlbGlvcy5jb20iLCJpYXQiOjE2OTk5ODE4NDAsImV4cCI6MTcwMDU4NjY0MH0.EWQOL-AWyZRpufztShhOvdFq3QSP2Dky5hCUtD1Wjpw',	3),
(4,	CONV('1', 2, 10) + 0,	CONV('1', 2, 10) + 0,	'BEARER',	'eyJhbGciOiJIUzI1NiJ9.eyJDQVJHQSI6dHJ1ZSwiQURNSU4iOnRydWUsIlVTVUFSSU8iOnRydWUsInN1YiI6ImFkbWluQGhlbGlvcy5jb20iLCJpYXQiOjE3MDAwMDcyMjQsImV4cCI6MTcwMDYxMjAyNH0.tG9K-4PbQeKs5wDFlXz6PD2sIoCXgZYITLJUrK6lYZM',	3),
(5,	CONV('1', 2, 10) + 0,	CONV('1', 2, 10) + 0,	'BEARER',	'eyJhbGciOiJIUzI1NiJ9.eyJDQVJHQSI6dHJ1ZSwiQURNSU4iOnRydWUsIlVTVUFSSU8iOnRydWUsInN1YiI6ImFkbWluQGhlbGlvcy5jb20iLCJpYXQiOjE3MDAwMDc3NDEsImV4cCI6MTcwMDYxMjU0MX0.KRyu_wVIB-dcYF59pLaU2orUzoAjRrXh9WNSnwdv29Y',	3),
(6,	CONV('0', 2, 10) + 0,	CONV('0', 2, 10) + 0,	'BEARER',	'eyJhbGciOiJIUzI1NiJ9.eyJDQVJHQSI6dHJ1ZSwiQURNSU4iOnRydWUsIlVTVUFSSU8iOnRydWUsInN1YiI6InBvc3RtYW5AaGVsaW9zLmNvbSIsImlhdCI6MTcwMDAxMDE5MSwiZXhwIjoxNzAwNjE0OTkxfQ.40rRA3cS_Oyxt9ZFzwccBI7-TsHmhzXKkQ-xB-pMtHI',	4),
(7,	CONV('1', 2, 10) + 0,	CONV('1', 2, 10) + 0,	'BEARER',	'eyJhbGciOiJIUzI1NiJ9.eyJDQVJHQSI6dHJ1ZSwiQURNSU4iOnRydWUsIlVTVUFSSU8iOnRydWUsInN1YiI6ImFkbWluQGhlbGlvcy5jb20iLCJpYXQiOjE3MDAwMTMwNTUsImV4cCI6MTcwMDYxNzg1NX0.LQeIwV1202PM6emjS5UTCtIUv1M_15FoNQiNLhrhEAE',	3),
(8,	CONV('1', 2, 10) + 0,	CONV('1', 2, 10) + 0,	'BEARER',	'eyJhbGciOiJIUzI1NiJ9.eyJDQVJHQSI6dHJ1ZSwiQURNSU4iOnRydWUsIlVTVUFSSU8iOnRydWUsInN1YiI6ImFkbWluQGhlbGlvcy5jb20iLCJpYXQiOjE3MDAwNDkyODcsImV4cCI6MTcwMDY1NDA4N30.1QmRf2ZJh3Qty45EyMY0YE5idaVGhlxvFhfKoELqqtY',	3),
(9,	CONV('0', 2, 10) + 0,	CONV('0', 2, 10) + 0,	'BEARER',	'eyJhbGciOiJIUzI1NiJ9.eyJDQVJHQSI6dHJ1ZSwiQURNSU4iOnRydWUsIlVTVUFSSU8iOnRydWUsInN1YiI6ImFkbWluQGhlbGlvcy5jb20iLCJpYXQiOjE3MDAwNTQwNDgsImV4cCI6MTcwMDY1ODg0OH0.zQRycsBywvddHH8vHpZNhKHIMIS1DTlZkKZRqSZe0lo',	3)
ON DUPLICATE KEY UPDATE `id` = VALUES(`id`), `expirado` = VALUES(`expirado`), `revocado` = VALUES(`revocado`), `tipo_token` = VALUES(`tipo_token`), `token` = VALUES(`token`), `usuario_id` = VALUES(`usuario_id`);

INSERT INTO `usuario` (`id`, `creada`, `creador_id`, `eliminada`, `eliminador_id`, `modificada`, `modificador_id`, `direccion`, `dni`, `habilitada`, `nombre`, `password`, `telefono`, `token`, `username`) VALUES
(1,	'2023-11-14 07:58:57.790945',	NULL,	NULL,	NULL,	NULL,	NULL,	'Su Casa 1234',	'12123123',	CONV('1', 2, 10) + 0,	'carga',	'$2a$10$mGKqrbVIgZJFH8cuZTkCIuFnHYJa8lr7TsoCDj4FbF1zbetk0ihPy',	'111 111 111',	NULL,	'carga@helios.com'),
(2,	'2023-11-14 07:58:57.906629',	NULL,	NULL,	NULL,	NULL,	NULL,	'Su trabajo 2345',	'45456456',	CONV('1', 2, 10) + 0,	'usuario',	'$2a$10$ZexJZVf7aE/TFH9ujWKnA.hNMJMQPlzbsUMG9NpYchAEzolLq2RC.',	'222 222 222',	NULL,	'usuario@helios.com'),
(3,	'2023-11-14 07:58:58.004314',	NULL,	NULL,	NULL,	NULL,	NULL,	'Su oficina 3456',	'78789789',	CONV('1', 2, 10) + 0,	'admin',	'$2a$10$pPvRmPIpZbf8KDssBp6bE.Tc9hUyDVghXR5WhtZZZxQqBluE90Wju',	'333 333 333',	NULL,	'admin@helios.com'),
(4,	'2023-11-14 07:58:58.096410',	NULL,	NULL,	NULL,	NULL,	NULL,	'Su Casa 1234',	'12123123',	CONV('1', 2, 10) + 0,	'postman',	'$2a$10$Qz.EePMFPwh.68Twz5nw4.v7XkeRrXJXFcspZz9DW3LCtVjHBa4Xi',	'111 111 111',	NULL,	'postman@helios.com')
ON DUPLICATE KEY UPDATE `id` = VALUES(`id`), `creada` = VALUES(`creada`), `creador_id` = VALUES(`creador_id`), `eliminada` = VALUES(`eliminada`), `eliminador_id` = VALUES(`eliminador_id`), `modificada` = VALUES(`modificada`), `modificador_id` = VALUES(`modificador_id`), `direccion` = VALUES(`direccion`), `dni` = VALUES(`dni`), `habilitada` = VALUES(`habilitada`), `nombre` = VALUES(`nombre`), `password` = VALUES(`password`), `telefono` = VALUES(`telefono`), `token` = VALUES(`token`), `username` = VALUES(`username`);

INSERT INTO `viaje` (`id`, `creada`, `creador_id`, `eliminada`, `eliminador_id`, `modificada`, `modificador_id`, `cantidad_transportada`, `categoria_viaje_id`, `comprador_id`, `destino_id`, `fecha_id`, `km_cargado`, `notas`, `origen_id`, `valor_km`, `acoplado_id`, `camion_id`, `carga_id`, `conductor_id`, `guia`, `intermediario_id`, `km_vacio`, `neto`, `vendedor_id`) VALUES
(1,	'2023-11-15 12:07:31.000000',	3,	NULL,	NULL,	'2023-11-15 12:08:13.962518',	3,	44,	6,	2,	6,	17,	443,	'Primer viaje',	1,	1412,	4,	3,	5,	1,	'fdasf23rfwwef',	NULL,	433,	3233,	NULL),
(2,	'2023-11-15 12:14:53.555791',	3,	NULL,	NULL,	NULL,	NULL,	55,	4,	1,	1,	18,	11112,	'Lejisssimo',	2,	312,	1,	5,	NULL,	2,	'3321 q23r123',	NULL,	3432,	4441,	NULL),
(3,	'2023-11-15 12:25:17.785896',	3,	NULL,	NULL,	NULL,	NULL,	55,	7,	3,	1,	19,	333,	'Ua fangio',	5,	1112,	1,	2,	6,	3,	'dsd123',	NULL,	123,	2322,	2)
ON DUPLICATE KEY UPDATE `id` = VALUES(`id`), `creada` = VALUES(`creada`), `creador_id` = VALUES(`creador_id`), `eliminada` = VALUES(`eliminada`), `eliminador_id` = VALUES(`eliminador_id`), `modificada` = VALUES(`modificada`), `modificador_id` = VALUES(`modificador_id`), `cantidad_transportada` = VALUES(`cantidad_transportada`), `categoria_viaje_id` = VALUES(`categoria_viaje_id`), `comprador_id` = VALUES(`comprador_id`), `destino_id` = VALUES(`destino_id`), `fecha_id` = VALUES(`fecha_id`), `km_cargado` = VALUES(`km_cargado`), `notas` = VALUES(`notas`), `origen_id` = VALUES(`origen_id`), `valor_km` = VALUES(`valor_km`), `acoplado_id` = VALUES(`acoplado_id`), `camion_id` = VALUES(`camion_id`), `carga_id` = VALUES(`carga_id`), `conductor_id` = VALUES(`conductor_id`), `guia` = VALUES(`guia`), `intermediario_id` = VALUES(`intermediario_id`), `km_vacio` = VALUES(`km_vacio`), `neto` = VALUES(`neto`), `vendedor_id` = VALUES(`vendedor_id`);

-- 2023-11-15 19:03:40
